-0.001221160975,0.008296565574,-0.001405213929,-0.01009940012,-0.005275295474,0.003906815222,0
0.008296565574,-0.001405213929,-0.01009940012,-0.005275295474,0.003906815222,0.003776325345,0
-0.001405213929,-0.01009940012,-0.005275295474,0.003906815222,0.003776325345,-0.007724901277,0
-0.01009940012,-0.005275295474,0.003906815222,0.003776325345,-0.007724901277,0.004589613285,0
-0.005275295474,0.003906815222,0.003776325345,-0.007724901277,0.004589613285,0.00792399965,0
0.003906815222,0.003776325345,-0.007724901277,0.004589613285,0.00792399965,-0.002648890959,0
0.003776325345,-0.007724901277,0.004589613285,0.00792399965,-0.002648890959,-0.005125828965,0
-0.007724901277,0.004589613285,0.00792399965,-0.002648890959,-0.005125828965,0,0
0.004589613285,0.00792399965,-0.002648890959,-0.005125828965,0,0.008439927574,0
0.00792399965,-0.002648890959,-0.005125828965,0,0.008439927574,-0.0009045020862,0
-0.002648890959,-0.005125828965,0,0.008439927574,-0.0009045020862,-0.00196560912,0
-0.005125828965,0,0.008439927574,-0.0009045020862,-0.00196560912,0.008516761868,0
0,0.008439927574,-0.0009045020862,-0.00196560912,0.008516761868,0.0160385522,0
0.008439927574,-0.0009045020862,-0.00196560912,0.008516761868,0.0160385522,-0.008065590268,0
-0.0009045020862,-0.00196560912,0.008516761868,0.0160385522,-0.008065590268,0.00002959937249,0
-0.00196560912,0.008516761868,0.0160385522,-0.008065590268,0.00002959937249,-0.0009610550906,0
0.008516761868,0.0160385522,-0.008065590268,0.00002959937249,-0.0009610550906,-0.01422533158,0
0.0160385522,-0.008065590268,0.00002959937249,-0.0009610550906,-0.01422533158,0,0
-0.008065590268,0.00002959937249,-0.0009610550906,-0.01422533158,0,-0.0029210446,0
0.00002959937249,-0.0009610550906,-0.01422533158,0,-0.0029210446,0.009832553088,0
-0.0009610550906,-0.01422533158,0,-0.0029210446,0.009832553088,-0.01209133744,0
-0.01422533158,0,-0.0029210446,0.009832553088,-0.01209133744,-0.005880402981,0
0,-0.0029210446,0.009832553088,-0.01209133744,-0.005880402981,0.01742063201,0
-0.0029210446,0.009832553088,-0.01209133744,-0.005880402981,0.01742063201,0.005484865016,0
0.009832553088,-0.01209133744,-0.005880402981,0.01742063201,0.005484865016,0.01676036279,0
-0.01209133744,-0.005880402981,0.01742063201,0.005484865016,0.01676036279,-0.01571491811,0
-0.005880402981,0.01742063201,0.005484865016,0.01676036279,-0.01571491811,-0.002913135593,0
0.01742063201,0.005484865016,0.01676036279,-0.01571491811,-0.002913135593,0.002477876106,0
0.005484865016,0.01676036279,-0.01571491811,-0.002913135593,0.002477876106,-0.02594603913,0
0.01676036279,-0.01571491811,-0.002913135593,0.002477876106,-0.02594603913,0.003894080997,0
-0.01571491811,-0.002913135593,0.002477876106,-0.02594603913,0.003894080997,-0.007017443359,0
-0.002913135593,0.002477876106,-0.02594603913,0.003894080997,-0.007017443359,0.00137673885,0
0.002477876106,-0.02594603913,0.003894080997,-0.007017443359,0.00137673885,0.002602481704,0
-0.02594603913,0.003894080997,-0.007017443359,0.00137673885,0.002602481704,0.002276952343,0
0.003894080997,-0.007017443359,0.00137673885,0.002602481704,0.002276952343,0.005724969563,0
-0.007017443359,0.00137673885,0.002602481704,0.002276952343,0.005724969563,-0.00007246271793,0
0.00137673885,0.002602481704,0.002276952343,0.005724969563,-0.00007246271793,0,0
0.002602481704,0.002276952343,0.005724969563,-0.00007246271793,0,0.00650572533,0
0.002276952343,0.005724969563,-0.00007246271793,0,0.00650572533,0.00396871888,0
0.005724969563,-0.00007246271793,0,0.00650572533,0.00396871888,0.001863344924,0
-0.00007246271793,0,0.00650572533,0.00396871888,0.001863344924,0.0103470256,0
0,0.00650572533,0.00396871888,0.001863344924,0.0103470256,-0.006363140917,0
0.00650572533,0.00396871888,0.001863344924,0.0103470256,-0.006363140917,-0.0007800541623,0
0.00396871888,0.001863344924,0.0103470256,-0.006363140917,-0.0007800541623,-0.01205414916,0
0.001863344924,0.0103470256,-0.006363140917,-0.0007800541623,-0.01205414916,0.007795899826,0
0.0103470256,-0.006363140917,-0.0007800541623,-0.01205414916,0.007795899826,0.005510778434,0
-0.006363140917,-0.0007800541623,-0.01205414916,0.007795899826,0.005510778434,-0.001250882976,0
-0.0007800541623,-0.01205414916,0.007795899826,0.005510778434,-0.001250882976,0.002182762079,0
-0.01205414916,0.007795899826,0.005510778434,-0.001250882976,0.002182762079,0.008177952241,0
0.007795899826,0.005510778434,-0.001250882976,0.002182762079,0.008177952241,-0.003142323541,0
0.005510778434,-0.001250882976,0.002182762079,0.008177952241,-0.003142323541,0.01406884112,0
-0.001250882976,0.002182762079,0.008177952241,-0.003142323541,0.01406884112,0.007847058111,0
0.002182762079,0.008177952241,-0.003142323541,0.01406884112,0.007847058111,-0.00362253215,0
0.008177952241,-0.003142323541,0.01406884112,0.007847058111,-0.00362253215,0.002936813104,0
-0.003142323541,0.01406884112,0.007847058111,-0.00362253215,0.002936813104,0.009690633407,0
0.01406884112,0.007847058111,-0.00362253215,0.002936813104,0.009690633407,-0.00003056888699,0
0.007847058111,-0.00362253215,0.002936813104,0.009690633407,-0.00003056888699,-0.004927756654,0
-0.00362253215,0.002936813104,0.009690633407,-0.00003056888699,-0.004927756654,0.001645288078,0
0.002936813104,0.009690633407,-0.00003056888699,-0.004927756654,0.001645288078,0.007923102908,0
0.009690633407,-0.00003056888699,-0.004927756654,0.001645288078,0.007923102908,-0.004037314574,0
-0.00003056888699,-0.004927756654,0.001645288078,0.007923102908,-0.004037314574,0.01027423716,0
-0.004927756654,0.001645288078,0.007923102908,-0.004037314574,0.01027423716,-0.006584400037,0
0.001645288078,0.007923102908,-0.004037314574,0.01027423716,-0.006584400037,-0.001899568001,0
0.007923102908,-0.004037314574,0.01027423716,-0.006584400037,-0.001899568001,0.01228173557,0
-0.004037314574,0.01027423716,-0.006584400037,-0.001899568001,0.01228173557,0.002191312456,0
0.01027423716,-0.006584400037,-0.001899568001,0.01228173557,0.002191312456,0.007989347537,0
-0.006584400037,-0.001899568001,0.01228173557,0.002191312456,0.007989347537,0.01209728564,0
-0.001899568001,0.01228173557,0.002191312456,0.007989347537,0.01209728564,0.009798270893,0
0.01228173557,0.002191312456,0.007989347537,0.01209728564,0.009798270893,-0.0006719784967,0
0.002191312456,0.007989347537,0.01209728564,0.009798270893,-0.0006719784967,0.005922683233,0
0.007989347537,0.01209728564,0.009798270893,-0.0006719784967,0.005922683233,0.02524585836,0
0.01209728564,0.009798270893,-0.0006719784967,0.005922683233,0.02524585836,0.000610893721,1
0.009798270893,-0.0006719784967,0.005922683233,0.02524585836,0.000610893721,0,1
-0.0006719784967,0.005922683233,0.02524585836,0.000610893721,0,0.004444518151,1
0.005922683233,0.02524585836,0.000610893721,0,0.004444518151,0.001145608501,1
0.02524585836,0.000610893721,0,0.004444518151,0.001145608501,0.007949125596,1
0.000610893721,0,0.004444518151,0.001145608501,0.007949125596,0.02860929888,1
0,0.004444518151,0.001145608501,0.007949125596,0.02860929888,-0.003482228626,1
0.004444518151,0.001145608501,0.007949125596,0.02860929888,-0.003482228626,-0.02010354333,1
0.001145608501,0.007949125596,0.02860929888,-0.003482228626,-0.02010354333,-0.01773272133,1
0.007949125596,0.02860929888,-0.003482228626,-0.02010354333,-0.01773272133,0.005445067897,1
0.02860929888,-0.003482228626,-0.02010354333,-0.01773272133,0.005445067897,-0.003391625168,1
-0.003482228626,-0.02010354333,-0.01773272133,0.005445067897,-0.003391625168,0.01085393183,1
-0.02010354333,-0.01773272133,0.005445067897,-0.003391625168,0.01085393183,-0.01451998352,1
-0.01773272133,0.005445067897,-0.003391625168,0.01085393183,-0.01451998352,-0.002679246524,1
0.005445067897,-0.003391625168,0.01085393183,-0.01451998352,-0.002679246524,-0.01379500397,1
-0.003391625168,0.01085393183,-0.01451998352,-0.002679246524,-0.01379500397,0.002763373917,1
0.01085393183,-0.01451998352,-0.002679246524,-0.01379500397,0.002763373917,0.01001494032,1
-0.01451998352,-0.002679246524,-0.01379500397,0.002763373917,0.01001494032,-0.005567346939,1
-0.002679246524,-0.01379500397,0.002763373917,0.01001494032,-0.005567346939,-0.01532080446,1
-0.01379500397,0.002763373917,0.01001494032,-0.005567346939,-0.01532080446,-0.001108042138,1
0.002763373917,0.01001494032,-0.005567346939,-0.01532080446,-0.001108042138,-0.001731324142,1
0.01001494032,-0.005567346939,-0.01532080446,-0.001108042138,-0.001731324142,0.008683278625,1
-0.005567346939,-0.01532080446,-0.001108042138,-0.001731324142,0.008683278625,-0.01336928256,1
-0.01532080446,-0.001108042138,-0.001731324142,0.008683278625,-0.01336928256,-0.005347678441,1
-0.001108042138,-0.001731324142,0.008683278625,-0.01336928256,-0.005347678441,0.007127788787,1
-0.001731324142,0.008683278625,-0.01336928256,-0.005347678441,0.007127788787,-0.008807502218,1
0.008683278625,-0.01336928256,-0.005347678441,0.007127788787,-0.008807502218,0.0003803245436,1
-0.01336928256,-0.005347678441,0.007127788787,-0.008807502218,0.0003803245436,-0.004590267371,1
-0.005347678441,0.007127788787,-0.008807502218,0.0003803245436,-0.004590267371,-0.005615422019,0
0.007127788787,-0.008807502218,0.0003803245436,-0.004590267371,-0.005615422019,0.00841492542,0
-0.008807502218,0.0003803245436,-0.004590267371,-0.005615422019,0.00841492542,0.007297292991,0
0.0003803245436,-0.004590267371,-0.005615422019,0.00841492542,0.007297292991,-0.01007854642,0
-0.004590267371,-0.005615422019,0.00841492542,0.007297292991,-0.01007854642,0.007132305053,0
-0.005615422019,0.00841492542,0.007297292991,-0.01007854642,0.007132305053,-0.002566743246,0
0.00841492542,0.007297292991,-0.01007854642,0.007132305053,-0.002566743246,0.00503192726,0
0.007297292991,-0.01007854642,0.007132305053,-0.002566743246,0.00503192726,0,0
-0.01007854642,0.007132305053,-0.002566743246,0.00503192726,0,0.001754693806,0
0.007132305053,-0.002566743246,0.00503192726,0,0.001754693806,0.0006384778688,0
-0.002566743246,0.00503192726,0,0.001754693806,0.0006384778688,-0.01549461774,0
0.00503192726,0,0.001754693806,0.0006384778688,-0.01549461774,-0.000141411602,0
0,0.001754693806,0.0006384778688,-0.01549461774,-0.000141411602,-0.002804631559,0
0.001754693806,0.0006384778688,-0.01549461774,-0.000141411602,-0.002804631559,0.004706882438,0
0.0006384778688,-0.01549461774,-0.000141411602,-0.002804631559,0.004706882438,0.01948322902,0
-0.01549461774,-0.000141411602,-0.002804631559,0.004706882438,0.01948322902,-0.0123789447,0
-0.000141411602,-0.002804631559,0.004706882438,0.01948322902,-0.0123789447,-0.005109201293,0
-0.002804631559,0.004706882438,0.01948322902,-0.0123789447,-0.005109201293,-0.008644947474,0
0.004706882438,0.01948322902,-0.0123789447,-0.005109201293,-0.008644947474,0.005438370375,0
0.01948322902,-0.0123789447,-0.005109201293,-0.008644947474,0.005438370375,-0.003211806916,0
-0.0123789447,-0.005109201293,-0.008644947474,0.005438370375,-0.003211806916,-0.00207942464,0
-0.005109201293,-0.008644947474,0.005438370375,-0.003211806916,-0.00207942464,-0.0001563232765,0
-0.008644947474,0.005438370375,-0.003211806916,-0.00207942464,-0.0001563232765,0.004096752421,0
0.005438370375,-0.003211806916,-0.00207942464,-0.0001563232765,0.004096752421,0.005143334964,0
-0.003211806916,-0.00207942464,-0.0001563232765,0.004096752421,0.005143334964,0.0004103729659,0
-0.00207942464,-0.0001563232765,0.004096752421,0.005143334964,0.0004103729659,0.005203953736,0
-0.0001563232765,0.004096752421,0.005143334964,0.0004103729659,0.005203953736,0.01145791543,0
0.004096752421,0.005143334964,0.0004103729659,0.005203953736,0.01145791543,0,0
0.005143334964,0.0004103729659,0.005203953736,0.01145791543,0,-0.02034303322,0
0.0004103729659,0.005203953736,0.01145791543,0,-0.02034303322,-0.0008325217555,0
0.005203953736,0.01145791543,0,-0.02034303322,-0.0008325217555,0.002645919299,0
0.01145791543,0,-0.02034303322,-0.0008325217555,0.002645919299,-0.004843032459,0
0,-0.02034303322,-0.0008325217555,0.002645919299,-0.004843032459,-0.002048988019,0
-0.02034303322,-0.0008325217555,0.002645919299,-0.004843032459,-0.002048988019,0.001613636008,0
-0.0008325217555,0.002645919299,-0.004843032459,-0.002048988019,0.001613636008,0.006702835694,0
0.002645919299,-0.004843032459,-0.002048988019,0.001613636008,0.006702835694,-0.0001734550673,0
-0.004843032459,-0.002048988019,0.001613636008,0.006702835694,-0.0001734550673,-0.003206488424,0
-0.002048988019,0.001613636008,0.006702835694,-0.0001734550673,-0.003206488424,0.005929228726,0
0.001613636008,0.006702835694,-0.0001734550673,-0.003206488424,0.005929228726,0.006621040904,0
0.006702835694,-0.0001734550673,-0.003206488424,0.005929228726,0.006621040904,0,0
-0.0001734550673,-0.003206488424,0.005929228726,0.006621040904,0,0.001865641892,0
-0.003206488424,0.005929228726,0.006621040904,0,0.001865641892,-0.007265877287,0
0.005929228726,0.006621040904,0,0.001865641892,-0.007265877287,-0.001391084414,0
0.006621040904,0,0.001865641892,-0.007265877287,-0.001391084414,-0.003528448113,0
0,0.001865641892,-0.007265877287,-0.001391084414,-0.003528448113,0,0
0.001865641892,-0.007265877287,-0.001391084414,-0.003528448113,0,0.00009452093639,0
-0.007265877287,-0.001391084414,-0.003528448113,0,0.00009452093639,0.003335071996,0
-0.001391084414,-0.003528448113,0,0.00009452093639,0.003335071996,0.004668667524,0
-0.003528448113,0,0.00009452093639,0.003335071996,0.004668667524,0.003457836701,0
0,0.00009452093639,0.003335071996,0.004668667524,0.003457836701,0.00892268613,0
0.00009452093639,0.003335071996,0.004668667524,0.003457836701,0.00892268613,0.007548392322,0
0.003335071996,0.004668667524,0.003457836701,0.00892268613,0.007548392322,-0.01098989122,0
0.004668667524,0.003457836701,0.00892268613,0.007548392322,-0.01098989122,-0.002795705796,0
0.003457836701,0.00892268613,0.007548392322,-0.01098989122,-0.002795705796,-0.001451656643,0
0.00892268613,0.007548392322,-0.01098989122,-0.002795705796,-0.001451656643,-0.01079358066,0
0.007548392322,-0.01098989122,-0.002795705796,-0.001451656643,-0.01079358066,0.002451910909,0
-0.01098989122,-0.002795705796,-0.001451656643,-0.01079358066,0.002451910909,0.006463938863,0
-0.002795705796,-0.001451656643,-0.01079358066,0.002451910909,0.006463938863,-0.0008113138512,0
-0.001451656643,-0.01079358066,0.002451910909,0.006463938863,-0.0008113138512,-0.002965994163,0
-0.01079358066,0.002451910909,0.006463938863,-0.0008113138512,-0.002965994163,0.001875099317,0
0.002451910909,0.006463938863,-0.0008113138512,-0.002965994163,0.001875099317,0.0008429155335,0
0.006463938863,-0.0008113138512,-0.002965994163,0.001875099317,0.0008429155335,0.003495164225,0
-0.0008113138512,-0.002965994163,0.001875099317,0.0008429155335,0.003495164225,0.001694590101,0
-0.002965994163,0.001875099317,0.0008429155335,0.003495164225,0.001694590101,-0.004598908356,0
0.001875099317,0.0008429155335,0.003495164225,0.001694590101,-0.004598908356,0,0
0.0008429155335,0.003495164225,0.001694590101,-0.004598908356,0,0.005536442915,0
0.003495164225,0.001694590101,-0.004598908356,0,0.005536442915,0.006911996907,0
0.001694590101,-0.004598908356,0,0.005536442915,0.006911996907,0.009301720493,0
-0.004598908356,0,0.005536442915,0.006911996907,0.009301720493,0.01486970442,0
0,0.005536442915,0.006911996907,0.009301720493,0.01486970442,0.009950663378,0
0.005536442915,0.006911996907,0.009301720493,0.01486970442,0.009950663378,-0.0151674327,0
0.006911996907,0.009301720493,0.01486970442,0.009950663378,-0.0151674327,0.003624382208,0
0.009301720493,0.01486970442,0.009950663378,-0.0151674327,0.003624382208,-0.008234755898,0
0.01486970442,0.009950663378,-0.0151674327,0.003624382208,-0.008234755898,-0.009371509962,0
0.009950663378,-0.0151674327,0.003624382208,-0.008234755898,-0.009371509962,-0.0002589038658,0
-0.0151674327,0.003624382208,-0.008234755898,-0.009371509962,-0.0002589038658,-0.01628410429,0
0.003624382208,-0.008234755898,-0.009371509962,-0.0002589038658,-0.01628410429,0.0004937013266,0
-0.008234755898,-0.009371509962,-0.0002589038658,-0.01628410429,0.0004937013266,0.002298593708,0
-0.009371509962,-0.0002589038658,-0.01628410429,0.0004937013266,0.002298593708,0.01552951093,0
-0.0002589038658,-0.01628410429,0.0004937013266,0.002298593708,0.01552951093,0.00105478385,0
-0.01628410429,0.0004937013266,0.002298593708,0.01552951093,0.00105478385,-0.01062839161,0
0.0004937013266,0.002298593708,0.01552951093,0.00105478385,-0.01062839161,0.003011320633,0
0.002298593708,0.01552951093,0.00105478385,-0.01062839161,0.003011320633,-0.01158737485,0
0.01552951093,0.00105478385,-0.01062839161,0.003011320633,-0.01158737485,0.001961597346,0
0.00105478385,-0.01062839161,0.003011320633,-0.01158737485,0.001961597346,0.002878894505,0
-0.01062839161,0.003011320633,-0.01158737485,0.001961597346,0.002878894505,-0.01061792863,0
0.003011320633,-0.01158737485,0.001961597346,0.002878894505,-0.01061792863,0.0004115942947,0
-0.01158737485,0.001961597346,0.002878894505,-0.01061792863,0.0004115942947,0.002682539683,0
0.001961597346,0.002878894505,-0.01061792863,0.0004115942947,0.002682539683,0.01196691029,0
0.002878894505,-0.01061792863,0.0004115942947,0.002682539683,0.01196691029,0.0082761078,0
-0.01061792863,0.0004115942947,0.002682539683,0.01196691029,0.0082761078,0.005651741942,0
0.0004115942947,0.002682539683,0.01196691029,0.0082761078,0.005651741942,-0.005055988592,0
0.002682539683,0.01196691029,0.0082761078,0.005651741942,-0.005055988592,-0.0001296239286,0
0.01196691029,0.0082761078,0.005651741942,-0.005055988592,-0.0001296239286,0.01049512083,0
0.0082761078,0.005651741942,-0.005055988592,-0.0001296239286,0.01049512083,0.005548329739,0
0.005651741942,-0.005055988592,-0.0001296239286,0.01049512083,0.005548329739,-0.006607461198,0
-0.005055988592,-0.0001296239286,0.01049512083,0.005548329739,-0.006607461198,0.004402464066,0
-0.0001296239286,0.01049512083,0.005548329739,-0.006607461198,0.004402464066,-0.001410738013,0
0.01049512083,0.005548329739,-0.006607461198,0.004402464066,-0.001410738013,0.01515378595,0
0.005548329739,-0.006607461198,0.004402464066,-0.001410738013,0.01515378595,-0.02688381138,0
-0.006607461198,0.004402464066,-0.001410738013,0.01515378595,-0.02688381138,-0.002698902662,0
0.004402464066,-0.001410738013,0.01515378595,-0.02688381138,-0.002698902662,0.005802990897,0
-0.001410738013,0.01515378595,-0.02688381138,-0.002698902662,0.005802990897,-0.003563330094,0
0.01515378595,-0.02688381138,-0.002698902662,0.005802990897,-0.003563330094,0.003412969283,0
-0.02688381138,-0.002698902662,0.005802990897,-0.003563330094,0.003412969283,0.00008126777733,0
-0.002698902662,0.005802990897,-0.003563330094,0.003412969283,0.00008126777733,0.001106464683,0
0.005802990897,-0.003563330094,0.003412969283,0.00008126777733,0.001106464683,0.003576210849,0
-0.003563330094,0.003412969283,0.00008126777733,0.001106464683,0.003576210849,0.003687738679,0
0.003412969283,0.00008126777733,0.001106464683,0.003576210849,0.003687738679,-0.00004916743149,0
0.00008126777733,0.001106464683,0.003576210849,0.003687738679,-0.00004916743149,0.005885359139,0
0.001106464683,0.003576210849,0.003687738679,-0.00004916743149,0.005885359139,-0.00477440525,0
0.003576210849,0.003687738679,-0.00004916743149,0.005885359139,-0.00477440525,-0.003335840665,0
0.003687738679,-0.00004916743149,0.005885359139,-0.00477440525,-0.003335840665,-0.005237816384,0
-0.00004916743149,0.005885359139,-0.00477440525,-0.003335840665,-0.005237816384,0.00487103207,0
0.005885359139,-0.00477440525,-0.003335840665,-0.005237816384,0.00487103207,0.004663842086,0
-0.00477440525,-0.003335840665,-0.005237816384,0.00487103207,0.004663842086,0.00470227194,0
-0.003335840665,-0.005237816384,0.00487103207,0.004663842086,0.00470227194,-0.001153611628,0
-0.005237816384,0.00487103207,0.004663842086,0.00470227194,-0.001153611628,-0.001316677365,0
0.00487103207,0.004663842086,0.00470227194,-0.001153611628,-0.001316677365,0.005211435378,0
0.004663842086,0.00470227194,-0.001153611628,-0.001316677365,0.005211435378,-0.0002150288635,0
0.00470227194,-0.001153611628,-0.001316677365,0.005211435378,-0.0002150288635,0.008154348986,0
-0.001153611628,-0.001316677365,0.005211435378,-0.0002150288635,0.008154348986,0.002893218497,0
-0.001316677365,0.005211435378,-0.0002150288635,0.008154348986,0.002893218497,0.002430846605,0
0.005211435378,-0.0002150288635,0.008154348986,0.002893218497,0.002430846605,0.002588409305,0
-0.0002150288635,0.008154348986,0.002893218497,0.002430846605,0.002588409305,-0.00273219464,0
0.008154348986,0.002893218497,0.002430846605,0.002588409305,-0.00273219464,0.008230244034,0
0.002893218497,0.002430846605,0.002588409305,-0.00273219464,0.008230244034,0.005112873911,0
0.002430846605,0.002588409305,-0.00273219464,0.008230244034,0.005112873911,0,0
0.002588409305,-0.00273219464,0.008230244034,0.005112873911,0,-0.007368314561,0
-0.00273219464,0.008230244034,0.005112873911,0,-0.007368314561,-0.005766780661,0
0.008230244034,0.005112873911,0,-0.007368314561,-0.005766780661,0.003532855557,0
0.005112873911,0,-0.007368314561,-0.005766780661,0.003532855557,0.002293191245,0
0,-0.007368314561,-0.005766780661,0.003532855557,0.002293191245,0.003995259861,0
-0.007368314561,-0.005766780661,0.003532855557,0.002293191245,0.003995259861,-0.004231216601,0
-0.005766780661,0.003532855557,0.002293191245,0.003995259861,-0.004231216601,0.01530114502,0
0.003532855557,0.002293191245,0.003995259861,-0.004231216601,0.01530114502,-0.003938081762,0
0.002293191245,0.003995259861,-0.004231216601,0.01530114502,-0.003938081762,-0.002635471749,0
0.003995259861,-0.004231216601,0.01530114502,-0.003938081762,-0.002635471749,-0.005461985931,0
-0.004231216601,0.01530114502,-0.003938081762,-0.002635471749,-0.005461985931,-0.0003549875754,0
0.01530114502,-0.003938081762,-0.002635471749,-0.005461985931,-0.0003549875754,-0.002159062157,0
-0.003938081762,-0.002635471749,-0.005461985931,-0.0003549875754,-0.002159062157,0.00001686795763,0
-0.002635471749,-0.005461985931,-0.0003549875754,-0.002159062157,0.00001686795763,0.003486915603,0
-0.005461985931,-0.0003549875754,-0.002159062157,0.00001686795763,0.003486915603,0.01067506073,0
-0.0003549875754,-0.002159062157,0.00001686795763,0.003486915603,0.01067506073,-0.002048690545,0
-0.002159062157,0.00001686795763,0.003486915603,0.01067506073,-0.002048690545,0.007655387156,0
0.00001686795763,0.003486915603,0.01067506073,-0.002048690545,0.007655387156,-0.000601746785,0
0.003486915603,0.01067506073,-0.002048690545,0.007655387156,-0.000601746785,0.007430501429,0
0.01067506073,-0.002048690545,0.007655387156,-0.000601746785,0.007430501429,-0.00480918399,0
-0.002048690545,0.007655387156,-0.000601746785,0.007430501429,-0.00480918399,0.01520692974,0
0.007655387156,-0.000601746785,0.007430501429,-0.00480918399,0.01520692974,-0.0164710337,0
-0.000601746785,0.007430501429,-0.00480918399,0.01520692974,-0.0164710337,-0.003755079645,0
0.007430501429,-0.00480918399,0.01520692974,-0.0164710337,-0.003755079645,-0.001215919989,0
-0.00480918399,0.01520692974,-0.0164710337,-0.003755079645,-0.001215919989,-0.002596337797,0
0.01520692974,-0.0164710337,-0.003755079645,-0.001215919989,-0.002596337797,-0.0002390792035,0
-0.0164710337,-0.003755079645,-0.001215919989,-0.002596337797,-0.0002390792035,0.003977642904,0
-0.003755079645,-0.001215919989,-0.002596337797,-0.0002390792035,0.003977642904,0.0006862711457,0
-0.001215919989,-0.002596337797,-0.0002390792035,0.003977642904,0.0006862711457,0.008495544597,0
-0.002596337797,-0.0002390792035,0.003977642904,0.0006862711457,0.008495544597,0,0
-0.0002390792035,0.003977642904,0.0006862711457,0.008495544597,0,0.001785342855,0
0.003977642904,0.0006862711457,0.008495544597,0,0.001785342855,-0.0004504660591,0
0.0006862711457,0.008495544597,0,0.001785342855,-0.0004504660591,0.005995747203,0
0.008495544597,0,0.001785342855,-0.0004504660591,0.005995747203,0.003287517924,0
0,0.001785342855,-0.0004504660591,0.005995747203,0.003287517924,-0.004335335597,0
0.001785342855,-0.0004504660591,0.005995747203,0.003287517924,-0.004335335597,0.001971319912,0
-0.0004504660591,0.005995747203,0.003287517924,-0.004335335597,0.001971319912,-0.003598185263,0
0.005995747203,0.003287517924,-0.004335335597,0.001971319912,-0.003598185263,0.002928819233,0
0.003287517924,-0.004335335597,0.001971319912,-0.003598185263,0.002928819233,0.00592743279,0
-0.004335335597,0.001971319912,-0.003598185263,0.002928819233,0.00592743279,-0.0006659539791,0
0.001971319912,-0.003598185263,0.002928819233,0.00592743279,-0.0006659539791,0,0
-0.003598185263,0.002928819233,0.00592743279,-0.0006659539791,0,-0.008014324954,0
0.002928819233,0.00592743279,-0.0006659539791,0,-0.008014324954,0.008644724614,0
0.00592743279,-0.0006659539791,0,-0.008014324954,0.008644724614,0.004438416965,0
-0.0006659539791,0,-0.008014324954,0.008644724614,0.004438416965,-0.0004577223034,0
0,-0.008014324954,0.008644724614,0.004438416965,-0.0004577223034,0.001904929888,0
-0.008014324954,0.008644724614,0.004438416965,-0.0004577223034,0.001904929888,0.004963219002,0
0.008644724614,0.004438416965,-0.0004577223034,0.001904929888,0.004963219002,0.007914671622,0
0.004438416965,-0.0004577223034,0.001904929888,0.004963219002,0.007914671622,0.0005005005005,0
-0.0004577223034,0.001904929888,0.004963219002,0.007914671622,0.0005005005005,0.01098742229,0
0.001904929888,0.004963219002,0.007914671622,0.0005005005005,0.01098742229,0.01029723216,0
0.004963219002,0.007914671622,0.0005005005005,0.01098742229,0.01029723216,0,0
0.007914671622,0.0005005005005,0.01098742229,0.01029723216,0,-0.002767460491,0
0.0005005005005,0.01098742229,0.01029723216,0,-0.002767460491,-0.0002002366433,0
0.01098742229,0.01029723216,0,-0.002767460491,-0.0002002366433,-0.008518779216,0
0.01029723216,0,-0.002767460491,-0.0002002366433,-0.008518779216,0.009657962352,0
0,-0.002767460491,-0.0002002366433,-0.008518779216,0.009657962352,-0.01113613839,1
-0.002767460491,-0.0002002366433,-0.008518779216,0.009657962352,-0.01113613839,0.00378034222,1
-0.0002002366433,-0.008518779216,0.009657962352,-0.01113613839,0.00378034222,-0.00275979004,0
-0.008518779216,0.009657962352,-0.01113613839,0.00378034222,-0.00275979004,0.005696145125,0
0.009657962352,-0.01113613839,0.00378034222,-0.00275979004,0.005696145125,0.001071441543,0
-0.01113613839,0.00378034222,-0.00275979004,0.005696145125,0.001071441543,0.01021849603,0
0.00378034222,-0.00275979004,0.005696145125,0.001071441543,0.01021849603,-0.004674518397,0
-0.00275979004,0.005696145125,0.001071441543,0.01021849603,-0.004674518397,-0.0006386861314,0
0.005696145125,0.001071441543,0.01021849603,-0.004674518397,-0.0006386861314,0.00567066121,0
0.001071441543,0.01021849603,-0.004674518397,-0.0006386861314,0.00567066121,0.005814382753,0
0.01021849603,-0.004674518397,-0.0006386861314,0.00567066121,0.005814382753,-0.001032600679,0
-0.004674518397,-0.0006386861314,0.00567066121,0.005814382753,-0.001032600679,0.003850140678,0
-0.0006386861314,0.00567066121,0.005814382753,-0.001032600679,0.003850140678,-0.005705451467,0
0.00567066121,0.005814382753,-0.001032600679,0.003850140678,-0.005705451467,0,0
0.005814382753,-0.001032600679,0.003850140678,-0.005705451467,0,0.0205484598,0
-0.001032600679,0.003850140678,-0.005705451467,0,0.0205484598,-0.006290012505,1
0.003850140678,-0.005705451467,0,0.0205484598,-0.006290012505,0,1
-0.005705451467,0,0.0205484598,-0.006290012505,0,-0.01671927764,1
0,0.0205484598,-0.006290012505,0,-0.01671927764,-0.003547785377,0
0.0205484598,-0.006290012505,0,-0.01671927764,-0.003547785377,0.001025152858,0
-0.006290012505,0,-0.01671927764,-0.003547785377,0.001025152858,0.006448522367,1
0,-0.01671927764,-0.003547785377,0.001025152858,0.006448522367,0.004906407954,1
-0.01671927764,-0.003547785377,0.001025152858,0.006448522367,0.004906407954,0.001242028771,1
-0.003547785377,0.001025152858,0.006448522367,0.004906407954,0.001242028771,0.006568144499,0
0.001025152858,0.006448522367,0.004906407954,0.001242028771,0.006568144499,0.03329798515,0
0.006448522367,0.004906407954,0.001242028771,0.006568144499,0.03329798515,-0.001328609389,0
0.004906407954,0.001242028771,0.006568144499,0.03329798515,-0.001328609389,0.006667958907,0
0.001242028771,0.006568144499,0.03329798515,-0.001328609389,0.006667958907,0.004517309864,0
0.006568144499,0.03329798515,-0.001328609389,0.006667958907,0.004517309864,-0.00851367787,0
0.03329798515,-0.001328609389,0.006667958907,0.004517309864,-0.00851367787,-0.005223636957,1
-0.001328609389,0.006667958907,0.004517309864,-0.00851367787,-0.005223636957,0.01433719684,1
0.006667958907,0.004517309864,-0.00851367787,-0.005223636957,0.01433719684,0.007082041825,1
0.004517309864,-0.00851367787,-0.005223636957,0.01433719684,0.007082041825,0.0004906867652,1
-0.00851367787,-0.005223636957,0.01433719684,0.007082041825,0.0004906867652,0.006062161842,1
-0.005223636957,0.01433719684,0.007082041825,0.0004906867652,0.006062161842,0.0006125150659,1
0.01433719684,0.007082041825,0.0004906867652,0.006062161842,0.0006125150659,0.007364503095,1
0.007082041825,0.0004906867652,0.006062161842,0.0006125150659,0.007364503095,0.02101327047,1
0.0004906867652,0.006062161842,0.0006125150659,0.007364503095,0.02101327047,0.01606475459,1
0.006062161842,0.0006125150659,0.007364503095,0.02101327047,0.01606475459,0.02523445604,1
0.0006125150659,0.007364503095,0.02101327047,0.01606475459,0.02523445604,0,1
0.007364503095,0.02101327047,0.01606475459,0.02523445604,0,-0.02382723703,1
0.02101327047,0.01606475459,0.02523445604,0,-0.02382723703,0.001386503321,1
0.01606475459,0.02523445604,0,-0.02382723703,0.001386503321,-0.02197980125,1
0.02523445604,0,-0.02382723703,0.001386503321,-0.02197980125,-0.002805360459,1
0,-0.02382723703,0.001386503321,-0.02197980125,-0.002805360459,0.01004994394,1
-0.02382723703,0.001386503321,-0.02197980125,-0.002805360459,0.01004994394,0.01761191553,1
0.001386503321,-0.02197980125,-0.002805360459,0.01004994394,0.01761191553,-0.03414145462,1
-0.02197980125,-0.002805360459,0.01004994394,0.01761191553,-0.03414145462,0.09274423085,1
-0.002805360459,0.01004994394,0.01761191553,-0.03414145462,0.09274423085,-0.01471222711,1
0.01004994394,0.01761191553,-0.03414145462,0.09274423085,-0.01471222711,-0.00421034542,1
0.01761191553,-0.03414145462,0.09274423085,-0.01471222711,-0.00421034542,-0.05795693702,1
-0.03414145462,0.09274423085,-0.01471222711,-0.00421034542,-0.05795693702,-0.04769613228,1
0.09274423085,-0.01471222711,-0.00421034542,-0.05795693702,-0.04769613228,0.006029468786,1
-0.01471222711,-0.00421034542,-0.05795693702,-0.04769613228,0.006029468786,0.003677686754,1
-0.00421034542,-0.05795693702,-0.04769613228,0.006029468786,0.003677686754,0.006088488645,1
-0.05795693702,-0.04769613228,0.006029468786,0.003677686754,0.006088488645,-0.0199727557,1
-0.04769613228,0.006029468786,0.003677686754,0.006088488645,-0.0199727557,-0.006196850093,1
0.006029468786,0.003677686754,0.006088488645,-0.0199727557,-0.006196850093,-0.01166493923,1
0.003677686754,0.006088488645,-0.0199727557,-0.006196850093,-0.01166493923,0.002380097848,1
0.006088488645,-0.0199727557,-0.006196850093,-0.01166493923,0.002380097848,0.01754891785,1
-0.0199727557,-0.006196850093,-0.01166493923,0.002380097848,0.01754891785,0.0002499375156,1
-0.006196850093,-0.01166493923,0.002380097848,0.01754891785,0.0002499375156,-0.002301804999,1
-0.01166493923,0.002380097848,0.01754891785,0.0002499375156,-0.002301804999,0.01050570836,1
0.002380097848,0.01754891785,0.0002499375156,-0.002301804999,0.01050570836,-0.0105483209,0
0.01754891785,0.0002499375156,-0.002301804999,0.01050570836,-0.0105483209,0.007633440266,0
0.0002499375156,-0.002301804999,0.01050570836,-0.0105483209,0.007633440266,0.02053051967,1
-0.002301804999,0.01050570836,-0.0105483209,0.007633440266,0.02053051967,-0.01306057303,1
0.01050570836,-0.0105483209,0.007633440266,0.02053051967,-0.01306057303,0.004850571116,1
-0.0105483209,0.007633440266,0.02053051967,-0.01306057303,0.004850571116,-0.008205466431,1
0.007633440266,0.02053051967,-0.01306057303,0.004850571116,-0.008205466431,-0.02643953844,1
0.02053051967,-0.01306057303,0.004850571116,-0.008205466431,-0.02643953844,0.005392370934,1
-0.01306057303,0.004850571116,-0.008205466431,-0.02643953844,0.005392370934,-0.01813944817,1
0.004850571116,-0.008205466431,-0.02643953844,0.005392370934,-0.01813944817,0.01121689132,1
-0.008205466431,-0.02643953844,0.005392370934,-0.01813944817,0.01121689132,-0.01205021232,1
-0.02643953844,0.005392370934,-0.01813944817,0.01121689132,-0.01205021232,-0.01722402211,1
0.005392370934,-0.01813944817,0.01121689132,-0.01205021232,-0.01722402211,0.01553989999,0
-0.01813944817,0.01121689132,-0.01205021232,-0.01722402211,0.01553989999,-0.01605852766,0
0.01121689132,-0.01205021232,-0.01722402211,0.01553989999,-0.01605852766,0.0006222433704,0
-0.01205021232,-0.01722402211,0.01553989999,-0.01605852766,0.0006222433704,-0.004971409841,0
-0.01722402211,0.01553989999,-0.01605852766,0.0006222433704,-0.004971409841,-0.004730403262,0
0.01553989999,-0.01605852766,0.0006222433704,-0.004971409841,-0.004730403262,-0.01701407447,0
-0.01605852766,0.0006222433704,-0.004971409841,-0.004730403262,-0.01701407447,-0.004204587791,0
0.0006222433704,-0.004971409841,-0.004730403262,-0.01701407447,-0.004204587791,0.002418594725,0
-0.004971409841,-0.004730403262,-0.01701407447,-0.004204587791,0.002418594725,0,0
-0.004730403262,-0.01701407447,-0.004204587791,0.002418594725,0,0.002889297116,0
-0.01701407447,-0.004204587791,0.002418594725,0,0.002889297116,0.00003567160718,0
-0.004204587791,0.002418594725,0,0.002889297116,0.00003567160718,0.01056217444,0
0.002418594725,0,0.002889297116,0.00003567160718,0.01056217444,-0.003305488188,0
0,0.002889297116,0.00003567160718,0.01056217444,-0.003305488188,0.0008990380293,0
0.002889297116,0.00003567160718,0.01056217444,-0.003305488188,0.0008990380293,0.00715320536,0
0.00003567160718,0.01056217444,-0.003305488188,0.0008990380293,0.00715320536,-0.009719880922,0
0.01056217444,-0.003305488188,0.0008990380293,0.00715320536,-0.009719880922,0.003599582448,0
-0.003305488188,0.0008990380293,0.00715320536,-0.009719880922,0.003599582448,0.004102286076,0
0.0008990380293,0.00715320536,-0.009719880922,0.003599582448,0.004102286076,0.006639985447,0
0.00715320536,-0.009719880922,0.003599582448,0.004102286076,0.006639985447,-0.006560280484,0
-0.009719880922,0.003599582448,0.004102286076,0.006639985447,-0.006560280484,-0.005338845946,0
0.003599582448,0.004102286076,0.006639985447,-0.006560280484,-0.005338845946,0.005222168013,0
0.004102286076,0.006639985447,-0.006560280484,-0.005338845946,0.005222168013,-0.004389673473,0
0.006639985447,-0.006560280484,-0.005338845946,0.005222168013,-0.004389673473,0.008381256463,0
-0.006560280484,-0.005338845946,0.005222168013,-0.004389673473,0.008381256463,-0.01391746123,0
-0.005338845946,0.005222168013,-0.004389673473,0.008381256463,-0.01391746123,-0.003014089531,0
0.005222168013,-0.004389673473,0.008381256463,-0.01391746123,-0.003014089531,0.005541507505,0
-0.004389673473,0.008381256463,-0.01391746123,-0.003014089531,0.005541507505,0.005681203333,0
0.008381256463,-0.01391746123,-0.003014089531,0.005541507505,0.005681203333,0,0
-0.01391746123,-0.003014089531,0.005541507505,0.005681203333,0,0.009099843483,0
-0.003014089531,0.005541507505,0.005681203333,0,0.009099843483,0.009591356754,0
0.005541507505,0.005681203333,0,0.009099843483,0.009591356754,-0.001486102192,0
0.005681203333,0,0.009099843483,0.009591356754,-0.001486102192,0.01829017674,0
0,0.009099843483,0.009591356754,-0.001486102192,0.01829017674,0.001272026638,0
0.009099843483,0.009591356754,-0.001486102192,0.01829017674,0.001272026638,0.001292401056,0
0.009591356754,-0.001486102192,0.01829017674,0.001272026638,0.001292401056,0,0
-0.001486102192,0.01829017674,0.001272026638,0.001292401056,0,-0.0152174715,0
0.01829017674,0.001272026638,0.001292401056,0,-0.0152174715,0.001348331209,0
0.001272026638,0.001292401056,0,-0.0152174715,0.001348331209,-0.01124970323,0
0.001292401056,0,-0.0152174715,0.001348331209,-0.01124970323,0.00582292432,0
0,-0.0152174715,0.001348331209,-0.01124970323,0.00582292432,0.01291258884,0
-0.0152174715,0.001348331209,-0.01124970323,0.00582292432,0.01291258884,0,0
0.001348331209,-0.01124970323,0.00582292432,0.01291258884,0,-0.002505521427,0
-0.01124970323,0.00582292432,0.01291258884,0,-0.002505521427,-0.004029649347,0
0.00582292432,0.01291258884,0,-0.002505521427,-0.004029649347,-0.01113182716,0
0.01291258884,0,-0.002505521427,-0.004029649347,-0.01113182716,-0.01036522494,0
0,-0.002505521427,-0.004029649347,-0.01113182716,-0.01036522494,0,0
-0.002505521427,-0.004029649347,-0.01113182716,-0.01036522494,0,-0.00001808907058,0
-0.004029649347,-0.01113182716,-0.01036522494,0,-0.00001808907058,0.01028893072,0
-0.01113182716,-0.01036522494,0,-0.00001808907058,0.01028893072,0.003944664612,0
-0.01036522494,0,-0.00001808907058,0.01028893072,0.003944664612,0.01131851412,0
0,-0.00001808907058,0.01028893072,0.003944664612,0.01131851412,-0.0003709611604,0
-0.00001808907058,0.01028893072,0.003944664612,0.01131851412,-0.0003709611604,-0.02936357908,0
0.01028893072,0.003944664612,0.01131851412,-0.0003709611604,-0.02936357908,-0.004195127198,0
0.003944664612,0.01131851412,-0.0003709611604,-0.02936357908,-0.004195127198,0.003923615486,0
0.01131851412,-0.0003709611604,-0.02936357908,-0.004195127198,0.003923615486,-0.00007198776208,0
-0.0003709611604,-0.02936357908,-0.004195127198,0.003923615486,-0.00007198776208,-0.005156392674,0
-0.02936357908,-0.004195127198,0.003923615486,-0.00007198776208,-0.005156392674,0.007576714232,0
-0.004195127198,0.003923615486,-0.00007198776208,-0.005156392674,0.007576714232,-0.002842186685,0
0.003923615486,-0.00007198776208,-0.005156392674,0.007576714232,-0.002842186685,-0.00520740131,0
-0.00007198776208,-0.005156392674,0.007576714232,-0.002842186685,-0.00520740131,0.001990281688,0
-0.005156392674,0.007576714232,-0.002842186685,-0.00520740131,0.001990281688,-0.001664757268,0
0.007576714232,-0.002842186685,-0.00520740131,0.001990281688,-0.001664757268,0.006304715928,0
-0.002842186685,-0.00520740131,0.001990281688,-0.001664757268,0.006304715928,0.0002342300139,0
-0.00520740131,0.001990281688,-0.001664757268,0.006304715928,0.0002342300139,0.002818682808,0
0.001990281688,-0.001664757268,0.006304715928,0.0002342300139,0.002818682808,0,0
-0.001664757268,0.006304715928,0.0002342300139,0.002818682808,0,0.005267459813,0
0.006304715928,0.0002342300139,0.002818682808,0,0.005267459813,-0.003186616212,0
0.0002342300139,0.002818682808,0,0.005267459813,-0.003186616212,0.005607850991,0
0.002818682808,0,0.005267459813,-0.003186616212,0.005607850991,0.003214788025,0
0,0.005267459813,-0.003186616212,0.005607850991,0.003214788025,0.003353859688,0
0.005267459813,-0.003186616212,0.005607850991,0.003214788025,0.003353859688,0.005046969976,0
-0.003186616212,0.005607850991,0.003214788025,0.003353859688,0.005046969976,0.0003685277317,0
0.005607850991,0.003214788025,0.003353859688,0.005046969976,0.0003685277317,0.00364322305,0
0.003214788025,0.003353859688,0.005046969976,0.0003685277317,0.00364322305,0.004141132776,0
0.003353859688,0.005046969976,0.0003685277317,0.00364322305,0.004141132776,-0.01290464494,0
0.005046969976,0.0003685277317,0.00364322305,0.004141132776,-0.01290464494,-0.006356665392,0
0.0003685277317,0.00364322305,0.004141132776,-0.01290464494,-0.006356665392,0.0005102505695,0
0.00364322305,0.004141132776,-0.01290464494,-0.006356665392,0.0005102505695,-0.002997819767,0
0.004141132776,-0.01290464494,-0.006356665392,0.0005102505695,-0.002997819767,0.0008182562051,0
-0.01290464494,-0.006356665392,0.0005102505695,-0.002997819767,0.0008182562051,0.004419849141,0
-0.006356665392,0.0005102505695,-0.002997819767,0.0008182562051,0.004419849141,0.007785753727,0
0.0005102505695,-0.002997819767,0.0008182562051,0.004419849141,0.007785753727,0.02490096208,0
-0.002997819767,0.0008182562051,0.004419849141,0.007785753727,0.02490096208,0.01202749141,0
0.0008182562051,0.004419849141,0.007785753727,0.02490096208,0.01202749141,-0.002171676763,0
0.004419849141,0.007785753727,0.02490096208,0.01202749141,-0.002171676763,0.004343084547,0
0.007785753727,0.02490096208,0.01202749141,-0.002171676763,0.004343084547,-0.01967514442,0
0.02490096208,0.01202749141,-0.002171676763,0.004343084547,-0.01967514442,-0.003010640088,0
0.01202749141,-0.002171676763,0.004343084547,-0.01967514442,-0.003010640088,0.001591998801,0
-0.002171676763,0.004343084547,-0.01967514442,-0.003010640088,0.001591998801,0.003118776538,0
0.004343084547,-0.01967514442,-0.003010640088,0.001591998801,0.003118776538,-0.0003943884162,0
-0.01967514442,-0.003010640088,0.001591998801,0.003118776538,-0.0003943884162,0.002258738495,0
-0.003010640088,0.001591998801,0.003118776538,-0.0003943884162,0.002258738495,-0.009120411817,0
0.001591998801,0.003118776538,-0.0003943884162,0.002258738495,-0.009120411817,-0.0006896166104,0
0.003118776538,-0.0003943884162,0.002258738495,-0.009120411817,-0.0006896166104,-0.001544588358,0
-0.0003943884162,0.002258738495,-0.009120411817,-0.0006896166104,-0.001544588358,0.003848309359,0
0.002258738495,-0.009120411817,-0.0006896166104,-0.001544588358,0.003848309359,0.0001494712455,0
-0.009120411817,-0.0006896166104,-0.001544588358,0.003848309359,0.0001494712455,0.004202784345,0
-0.0006896166104,-0.001544588358,0.003848309359,0.0001494712455,0.004202784345,-0.007615394641,0
-0.001544588358,0.003848309359,0.0001494712455,0.004202784345,-0.007615394641,0.008184565711,0
0.003848309359,0.0001494712455,0.004202784345,-0.007615394641,0.008184565711,0.005948334466,0
0.0001494712455,0.004202784345,-0.007615394641,0.008184565711,0.005948334466,-0.001677820718,0
0.004202784345,-0.007615394641,0.008184565711,0.005948334466,-0.001677820718,0.00683306444,0
-0.007615394641,0.008184565711,0.005948334466,-0.001677820718,0.00683306444,0.009465233469,0
0.008184565711,0.005948334466,-0.001677820718,0.00683306444,0.009465233469,-0.009000284819,0
0.005948334466,-0.001677820718,0.00683306444,0.009465233469,-0.009000284819,0.009217384639,0
-0.001677820718,0.00683306444,0.009465233469,-0.009000284819,0.009217384639,-0.001893540922,0
0.00683306444,0.009465233469,-0.009000284819,0.009217384639,-0.001893540922,0.0001721697211,0
0.009465233469,-0.009000284819,0.009217384639,-0.001893540922,0.0001721697211,-0.009342960562,0
-0.009000284819,0.009217384639,-0.001893540922,0.0001721697211,-0.009342960562,0.004358749857,0
0.009217384639,-0.001893540922,0.0001721697211,-0.009342960562,0.004358749857,-0.00439643737,0
-0.001893540922,0.0001721697211,-0.009342960562,0.004358749857,-0.00439643737,0.003976332262,0
0.0001721697211,-0.009342960562,0.004358749857,-0.00439643737,0.003976332262,-0.002031594137,0
-0.009342960562,0.004358749857,-0.00439643737,0.003976332262,-0.002031594137,0.00287525944,0
0.004358749857,-0.00439643737,0.003976332262,-0.002031594137,0.00287525944,0.002462395969,0
-0.00439643737,0.003976332262,-0.002031594137,0.00287525944,0.002462395969,-0.001962241146,0
0.003976332262,-0.002031594137,0.00287525944,0.002462395969,-0.001962241146,0.01744490318,0
-0.002031594137,0.00287525944,0.002462395969,-0.001962241146,0.01744490318,-0.003245812322,0
0.00287525944,0.002462395969,-0.001962241146,0.01744490318,-0.003245812322,0.0004639025805,0
0.002462395969,-0.001962241146,0.01744490318,-0.003245812322,0.0004639025805,0.001509959928,0
-0.001962241146,0.01744490318,-0.003245812322,0.0004639025805,0.001509959928,0.005312937879,0
0.01744490318,-0.003245812322,0.0004639025805,0.001509959928,0.005312937879,0.008597338358,0
-0.003245812322,0.0004639025805,0.001509959928,0.005312937879,0.008597338358,0.01023200476,0
0.0004639025805,0.001509959928,0.005312937879,0.008597338358,0.01023200476,0.004121617586,0
0.001509959928,0.005312937879,0.008597338358,0.01023200476,0.004121617586,0.01125563789,0
0.005312937879,0.008597338358,0.01023200476,0.004121617586,0.01125563789,-0.01665181665,0
0.008597338358,0.01023200476,0.004121617586,0.01125563789,-0.01665181665,-0.002468891961,0
0.01023200476,0.004121617586,0.01125563789,-0.01665181665,-0.002468891961,-0.002482465127,0
0.004121617586,0.01125563789,-0.01665181665,-0.002468891961,-0.002482465127,0,0
0.01125563789,-0.01665181665,-0.002468891961,-0.002482465127,0,-0.02023009806,0
-0.01665181665,-0.002468891961,-0.002482465127,0,-0.02023009806,0.009411352078,0
-0.002468891961,-0.002482465127,0,-0.02023009806,0.009411352078,0.0001559059108,0
-0.002482465127,0,-0.02023009806,0.009411352078,0.0001559059108,-0.005716168036,0
0,-0.02023009806,0.009411352078,0.0001559059108,-0.005716168036,0.001338791983,0
-0.02023009806,0.009411352078,0.0001559059108,-0.005716168036,0.001338791983,-0.002458096233,0
0.009411352078,0.0001559059108,-0.005716168036,0.001338791983,-0.002458096233,0.01081916538,0
0.0001559059108,-0.005716168036,0.001338791983,-0.002458096233,0.01081916538,-0.008092373375,0
-0.005716168036,0.001338791983,-0.002458096233,0.01081916538,-0.008092373375,0.003505355404,0
0.001338791983,-0.002458096233,0.01081916538,-0.008092373375,0.003505355404,-0.001652571206,0
-0.002458096233,0.01081916538,-0.008092373375,0.003505355404,-0.001652571206,0.009618215723,0
0.01081916538,-0.008092373375,0.003505355404,-0.001652571206,0.009618215723,0.002104724812,0
-0.008092373375,0.003505355404,-0.001652571206,0.009618215723,0.002104724812,0.01716686675,0
0.003505355404,-0.001652571206,0.009618215723,0.002104724812,0.01716686675,0.003191425303,0
-0.001652571206,0.009618215723,0.002104724812,0.01716686675,0.003191425303,0.01660987206,0
0.009618215723,0.002104724812,0.01716686675,0.003191425303,0.01660987206,0.0005103915724,0
0.002104724812,0.01716686675,0.003191425303,0.01660987206,0.0005103915724,0.004285157772,0
0.01716686675,0.003191425303,0.01660987206,0.0005103915724,0.004285157772,0.023331445,0
0.003191425303,0.01660987206,0.0005103915724,0.004285157772,0.023331445,-0.006938367296,0
0.01660987206,0.0005103915724,0.004285157772,0.023331445,-0.006938367296,0.009974747475,0
0.0005103915724,0.004285157772,0.023331445,-0.006938367296,0.009974747475,-0.03002592313,0
0.004285157772,0.023331445,-0.006938367296,0.009974747475,-0.03002592313,-0.01827545438,0
0.023331445,-0.006938367296,0.009974747475,-0.03002592313,-0.01827545438,-0.01363825035,0
-0.006938367296,0.009974747475,-0.03002592313,-0.01827545438,-0.01363825035,0.0157605204,0
0.009974747475,-0.03002592313,-0.01827545438,-0.01363825035,0.0157605204,-0.005232674256,0
-0.03002592313,-0.01827545438,-0.01363825035,0.0157605204,-0.005232674256,0.0007395119221,0
-0.01827545438,-0.01363825035,0.0157605204,-0.005232674256,0.0007395119221,0.01121710659,0
-0.01363825035,0.0157605204,-0.005232674256,0.0007395119221,0.01121710659,-0.005047356673,0
0.0157605204,-0.005232674256,0.0007395119221,0.01121710659,-0.005047356673,-0.02289071403,0
-0.005232674256,0.0007395119221,0.01121710659,-0.005047356673,-0.02289071403,-0.001667353224,0
0.0007395119221,0.01121710659,-0.005047356673,-0.02289071403,-0.001667353224,0.01038549202,0
0.01121710659,-0.005047356673,-0.02289071403,-0.001667353224,0.01038549202,-0.006674016616,0
-0.005047356673,-0.02289071403,-0.001667353224,0.01038549202,-0.006674016616,-0.007522616698,0
-0.02289071403,-0.001667353224,0.01038549202,-0.006674016616,-0.007522616698,-0.01396809494,0
-0.001667353224,0.01038549202,-0.006674016616,-0.007522616698,-0.01396809494,0.005677084342,0
0.01038549202,-0.006674016616,-0.007522616698,-0.01396809494,0.005677084342,0.003031775338,0
-0.006674016616,-0.007522616698,-0.01396809494,0.005677084342,0.003031775338,0.006179236982,0
-0.007522616698,-0.01396809494,0.005677084342,0.003031775338,0.006179236982,-0.008569046742,0
-0.01396809494,0.005677084342,0.003031775338,0.006179236982,-0.008569046742,0.009630253088,0
0.005677084342,0.003031775338,0.006179236982,-0.008569046742,0.009630253088,0.001097329179,0
0.003031775338,0.006179236982,-0.008569046742,0.009630253088,0.001097329179,0.0009610858308,0
0.006179236982,-0.008569046742,0.009630253088,0.001097329179,0.0009610858308,0,0
-0.008569046742,0.009630253088,0.001097329179,0.0009610858308,0,0.005978571851,0
0.009630253088,0.001097329179,0.0009610858308,0,0.005978571851,0.00451905734,0
0.001097329179,0.0009610858308,0,0.005978571851,0.00451905734,0.00648340249,0
0.0009610858308,0,0.005978571851,0.00451905734,0.00648340249,0.002299402155,0
0,0.005978571851,0.00451905734,0.00648340249,0.002299402155,-0.007383149747,0
0.005978571851,0.00451905734,0.00648340249,0.002299402155,-0.007383149747,0.001550480052,0
0.00451905734,0.00648340249,0.002299402155,-0.007383149747,0.001550480052,0.001114405683,0
0.00648340249,0.002299402155,-0.007383149747,0.001550480052,0.001114405683,0.004156425474,0
0.002299402155,-0.007383149747,0.001550480052,0.001114405683,0.004156425474,-0.002690422097,0
-0.007383149747,0.001550480052,0.001114405683,0.004156425474,-0.002690422097,-0.002187400573,0
0.001550480052,0.001114405683,0.004156425474,-0.002690422097,-0.002187400573,0,0
0.001114405683,0.004156425474,-0.002690422097,-0.002187400573,0,-0.002776235425,0
0.004156425474,-0.002690422097,-0.002187400573,0,-0.002776235425,0.002664333718,0
-0.002690422097,-0.002187400573,0,-0.002776235425,0.002664333718,0.007936189827,0
-0.002187400573,0,-0.002776235425,0.002664333718,0.007936189827,0.0008022784709,0
0,-0.002776235425,0.002664333718,0.007936189827,0.0008022784709,0.001888915682,0
-0.002776235425,0.002664333718,0.007936189827,0.0008022784709,0.001888915682,0.00832776123,0
0.002664333718,0.007936189827,0.0008022784709,0.001888915682,0.00832776123,0.002274527325,0
0.007936189827,0.0008022784709,0.001888915682,0.00832776123,0.002274527325,0.003280358598,0
0.0008022784709,0.001888915682,0.00832776123,0.002274527325,0.003280358598,-0.001302295295,0
0.001888915682,0.00832776123,0.002274527325,0.003280358598,-0.001302295295,-0.0002237819144,0
0.00832776123,0.002274527325,0.003280358598,-0.001302295295,-0.0002237819144,0.01196113147,0
0.002274527325,0.003280358598,-0.001302295295,-0.0002237819144,0.01196113147,0.001216118726,0
0.003280358598,-0.001302295295,-0.0002237819144,0.01196113147,0.001216118726,0.001093640378,0
-0.001302295295,-0.0002237819144,0.01196113147,0.001216118726,0.001093640378,0.008700358005,0
-0.0002237819144,0.01196113147,0.001216118726,0.001093640378,0.008700358005,-0.00671917964,0
0.01196113147,0.001216118726,0.001093640378,0.008700358005,-0.00671917964,-0.007041386106,0
0.001216118726,0.001093640378,0.008700358005,-0.00671917964,-0.007041386106,0,0
0.001093640378,0.008700358005,-0.00671917964,-0.007041386106,0,0.0008012655887,0
0.008700358005,-0.00671917964,-0.007041386106,0,0.0008012655887,0.006805394672,0
-0.00671917964,-0.007041386106,0,0.0008012655887,0.006805394672,-0.007432349197,0
-0.007041386106,0,0.0008012655887,0.006805394672,-0.007432349197,-0.002906976744,0
0,0.0008012655887,0.006805394672,-0.007432349197,-0.002906976744,0.002688999733,0
0.0008012655887,0.006805394672,-0.007432349197,-0.002906976744,0.002688999733,0.0009862540837,0
0.006805394672,-0.007432349197,-0.002906976744,0.002688999733,0.0009862540837,0.001481572937,0
-0.007432349197,-0.002906976744,0.002688999733,0.0009862540837,0.001481572937,-0.00191004313,0
-0.002906976744,0.002688999733,0.0009862540837,0.001481572937,-0.00191004313,0.01218193913,0
0.002688999733,0.0009862540837,0.001481572937,-0.00191004313,0.01218193913,0.00474131629,0
0.0009862540837,0.001481572937,-0.00191004313,0.01218193913,0.00474131629,0.0000626644943,0
0.001481572937,-0.00191004313,0.01218193913,0.00474131629,0.0000626644943,0.001233922409,0
-0.00191004313,0.01218193913,0.00474131629,0.0000626644943,0.001233922409,0.005742291027,0
0.01218193913,0.00474131629,0.0000626644943,0.001233922409,0.005742291027,0.00004206983593,0
0.00474131629,0.0000626644943,0.001233922409,0.005742291027,0.00004206983593,0.001432423323,0
0.0000626644943,0.001233922409,0.005742291027,0.00004206983593,0.001432423323,0.01008553555,0
0.001233922409,0.005742291027,0.00004206983593,0.001432423323,0.01008553555,0.01240791004,0
0.005742291027,0.00004206983593,0.001432423323,0.01008553555,0.01240791004,0.00932750636,0
0.00004206983593,0.001432423323,0.01008553555,0.01240791004,0.00932750636,-0.00325076393,0
0.001432423323,0.01008553555,0.01240791004,0.00932750636,-0.00325076393,-0.01580496545,0
0.01008553555,0.01240791004,0.00932750636,-0.00325076393,-0.01580496545,0.003488795188,0
0.01240791004,0.00932750636,-0.00325076393,-0.01580496545,0.003488795188,0.01000907951,0
0.00932750636,-0.00325076393,-0.01580496545,0.003488795188,0.01000907951,-0.004133476857,0
-0.00325076393,-0.01580496545,0.003488795188,0.01000907951,-0.004133476857,-0.0007314344721,0
-0.01580496545,0.003488795188,0.01000907951,-0.004133476857,-0.0007314344721,0.01261300512,0
0.003488795188,0.01000907951,-0.004133476857,-0.0007314344721,0.01261300512,0.008679411118,0
0.01000907951,-0.004133476857,-0.0007314344721,0.01261300512,0.008679411118,-0.008367106811,0
-0.004133476857,-0.0007314344721,0.01261300512,0.008679411118,-0.008367106811,-0.002282658319,0
-0.0007314344721,0.01261300512,0.008679411118,-0.008367106811,-0.002282658319,-0.006028782575,0
0.01261300512,0.008679411118,-0.008367106811,-0.002282658319,-0.006028782575,-0.00179029788,0
0.008679411118,-0.008367106811,-0.002282658319,-0.006028782575,-0.00179029788,-0.01269246332,0
-0.008367106811,-0.002282658319,-0.006028782575,-0.00179029788,-0.01269246332,-0.01363273537,0
-0.002282658319,-0.006028782575,-0.00179029788,-0.01269246332,-0.01363273537,0.007214640855,0
-0.006028782575,-0.00179029788,-0.01269246332,-0.01363273537,0.007214640855,-0.009680055315,0
-0.00179029788,-0.01269246332,-0.01363273537,0.007214640855,-0.009680055315,0.001237727616,0
-0.01269246332,-0.01363273537,0.007214640855,-0.009680055315,0.001237727616,0.0003987491868,0
-0.01363273537,0.007214640855,-0.009680055315,0.001237727616,0.0003987491868,0.01062611351,0
0.007214640855,-0.009680055315,0.001237727616,0.0003987491868,0.01062611351,-0.01231774761,0
-0.009680055315,0.001237727616,0.0003987491868,0.01062611351,-0.01231774761,0.0009015998155,0
0.001237727616,0.0003987491868,0.01062611351,-0.01231774761,0.0009015998155,-0.006540712813,0
0.0003987491868,0.01062611351,-0.01231774761,0.0009015998155,-0.006540712813,0,0
0.01062611351,-0.01231774761,0.0009015998155,-0.006540712813,0,-0.001310588725,0
-0.01231774761,0.0009015998155,-0.006540712813,0,-0.001310588725,-0.0001248023962,0
0.0009015998155,-0.006540712813,0,-0.001310588725,-0.0001248023962,0.008728493496,0
-0.006540712813,0,-0.001310588725,-0.0001248023962,0.008728493496,-0.002803699209,0
0,-0.001310588725,-0.0001248023962,0.008728493496,-0.002803699209,-0.00258775408,0
-0.001310588725,-0.0001248023962,0.008728493496,-0.002803699209,-0.00258775408,-0.00450815415,0
-0.0001248023962,0.008728493496,-0.002803699209,-0.00258775408,-0.00450815415,0.003335070349,0
0.008728493496,-0.002803699209,-0.00258775408,-0.00450815415,0.003335070349,0.008725820017,0
-0.002803699209,-0.00258775408,-0.00450815415,0.003335070349,0.008725820017,0.005603129295,0
-0.00258775408,-0.00450815415,0.003335070349,0.008725820017,0.005603129295,0.00625518606,0
-0.00450815415,0.003335070349,0.008725820017,0.005603129295,0.00625518606,-0.00688824561,0
0.003335070349,0.008725820017,0.005603129295,0.00625518606,-0.00688824561,-0.00219265881,0
0.008725820017,0.005603129295,0.00625518606,-0.00688824561,-0.00219265881,-0.001515693746,0
0.005603129295,0.00625518606,-0.00688824561,-0.00219265881,-0.001515693746,0.01070212766,0
0.00625518606,-0.00688824561,-0.00219265881,-0.001515693746,0.01070212766,-0.0008290992581,0
-0.00688824561,-0.00219265881,-0.001515693746,0.01070212766,-0.0008290992581,-0.006064319824,0
-0.00219265881,-0.001515693746,0.01070212766,-0.0008290992581,-0.006064319824,0.009901412658,0
-0.001515693746,0.01070212766,-0.0008290992581,-0.006064319824,0.009901412658,0.005298723587,0
0.01070212766,-0.0008290992581,-0.006064319824,0.009901412658,0.005298723587,-0.01002399813,0
-0.0008290992581,-0.006064319824,0.009901412658,0.005298723587,-0.01002399813,-0.001187875188,0
-0.006064319824,0.009901412658,0.005298723587,-0.01002399813,-0.001187875188,0.009637418885,0
0.009901412658,0.005298723587,-0.01002399813,-0.001187875188,0.009637418885,0.003697255003,0
0.005298723587,-0.01002399813,-0.001187875188,0.009637418885,0.003697255003,-0.001545296504,0
-0.01002399813,-0.001187875188,0.009637418885,0.003697255003,-0.001545296504,0.001849183994,0
-0.001187875188,0.009637418885,0.003697255003,-0.001545296504,0.001849183994,-0.003663396032,0
0.009637418885,0.003697255003,-0.001545296504,0.001849183994,-0.003663396032,0.0004500932336,0
0.003697255003,-0.001545296504,0.001849183994,-0.003663396032,0.0004500932336,0.02100794363,0
-0.001545296504,0.001849183994,-0.003663396032,0.0004500932336,0.02100794363,0.001007644958,0
0.001849183994,-0.003663396032,0.0004500932336,0.02100794363,0.001007644958,0,0
-0.003663396032,0.0004500932336,0.02100794363,0.001007644958,0,-0.005489837266,0
0.0004500932336,0.02100794363,0.001007644958,0,-0.005489837266,-0.005114978651,0
0.02100794363,0.001007644958,0,-0.005489837266,-0.005114978651,0.006764275895,0
0.001007644958,0,-0.005489837266,-0.005114978651,0.006764275895,0.009516047316,0
0,-0.005489837266,-0.005114978651,0.006764275895,0.009516047316,-0.01409460105,0
-0.005489837266,-0.005114978651,0.006764275895,0.009516047316,-0.01409460105,-0.0004558577724,0
-0.005114978651,0.006764275895,0.009516047316,-0.01409460105,-0.0004558577724,0.005675988386,0
0.006764275895,0.009516047316,-0.01409460105,-0.0004558577724,0.005675988386,0.0006772107655,0
0.009516047316,-0.01409460105,-0.0004558577724,0.005675988386,0.0006772107655,0.008215316169,0
-0.01409460105,-0.0004558577724,0.005675988386,0.0006772107655,0.008215316169,0.00311519597,0
-0.0004558577724,0.005675988386,0.0006772107655,0.008215316169,0.00311519597,-0.003654134014,0
0.005675988386,0.0006772107655,0.008215316169,0.00311519597,-0.003654134014,0.01027442957,0
0.0006772107655,0.008215316169,0.00311519597,-0.003654134014,0.01027442957,0.01315848768,0
0.008215316169,0.00311519597,-0.003654134014,0.01027442957,0.01315848768,-0.01629097679,0
0.00311519597,-0.003654134014,0.01027442957,0.01315848768,-0.01629097679,-0.0007087643137,0
-0.003654134014,0.01027442957,0.01315848768,-0.01629097679,-0.0007087643137,0.007273051781,0
0.01027442957,0.01315848768,-0.01629097679,-0.0007087643137,0.007273051781,-0.000602006689,0
0.01315848768,-0.01629097679,-0.0007087643137,0.007273051781,-0.000602006689,0.005627928877,0
-0.01629097679,-0.0007087643137,0.007273051781,-0.000602006689,0.005627928877,0.0008303038463,0
-0.0007087643137,0.007273051781,-0.000602006689,0.005627928877,0.0008303038463,0.002970965564,0
0.007273051781,-0.000602006689,0.005627928877,0.0008303038463,0.002970965564,0.002278418191,0
-0.000602006689,0.005627928877,0.0008303038463,0.002970965564,0.002278418191,0.01223939899,0
0.005627928877,0.0008303038463,0.002970965564,0.002278418191,0.01223939899,0.00889257493,0
0.0008303038463,0.002970965564,0.002278418191,0.01223939899,0.00889257493,-0.005567010309,0
0.002970965564,0.002278418191,0.01223939899,0.00889257493,-0.005567010309,0,0
0.002278418191,0.01223939899,0.00889257493,-0.005567010309,0,-0.003401904153,0
0.01223939899,0.00889257493,-0.005567010309,0,-0.003401904153,0.0004568400375,0
0.00889257493,-0.005567010309,0,-0.003401904153,0.0004568400375,-0.000342512673,1
-0.005567010309,0,-0.003401904153,0.0004568400375,-0.000342512673,0.006596639621,1
0,-0.003401904153,0.0004568400375,-0.000342512673,0.006596639621,-0.00243046798,1
-0.003401904153,0.0004568400375,-0.000342512673,0.006596639621,-0.00243046798,0.01430299084,1
0.0004568400375,-0.000342512673,0.006596639621,-0.00243046798,0.01430299084,0.001280767529,0
-0.000342512673,0.006596639621,-0.00243046798,0.01430299084,0.001280767529,-0.003156990645,0
0.006596639621,-0.00243046798,0.01430299084,0.001280767529,-0.003156990645,-0.00741918389,0
-0.00243046798,0.01430299084,0.001280767529,-0.003156990645,-0.00741918389,0,1
0.01430299084,0.001280767529,-0.003156990645,-0.00741918389,0,-0.006387362637,1
0.001280767529,-0.003156990645,-0.00741918389,0,-0.006387362637,-0.00267141585,1
-0.003156990645,-0.00741918389,0,-0.006387362637,-0.00267141585,0.0001598538479,1
-0.00741918389,0,-0.006387362637,-0.00267141585,0.0001598538479,0.001830244795,1
0,-0.006387362637,-0.00267141585,0.0001598538479,0.001830244795,0,1
-0.006387362637,-0.00267141585,0.0001598538479,0.001830244795,0,0.004158147442,1
-0.00267141585,0.0001598538479,0.001830244795,0,0.004158147442,0.002325688496,0
0.0001598538479,0.001830244795,0,0.004158147442,0.002325688496,0.009742146992,0
0.001830244795,0,0.004158147442,0.002325688496,0.009742146992,-0.01848513202,0
0,0.004158147442,0.002325688496,0.009742146992,-0.01848513202,0.006084400974,0
0.004158147442,0.002325688496,0.009742146992,-0.01848513202,0.006084400974,0.00565702279,0
0.002325688496,0.009742146992,-0.01848513202,0.006084400974,0.00565702279,-0.001521613833,0
0.009742146992,-0.01848513202,0.006084400974,0.00565702279,-0.001521613833,0.002936551979,0
-0.01848513202,0.006084400974,0.00565702279,-0.001521613833,0.002936551979,0.01361708112,1
0.006084400974,0.00565702279,-0.001521613833,0.002936551979,0.01361708112,0.00496985114,0
0.00565702279,-0.001521613833,0.002936551979,0.01361708112,0.00496985114,0.003877801948,0
-0.001521613833,0.002936551979,0.01361708112,0.00496985114,0.003877801948,0.004250468976,0
0.002936551979,0.01361708112,0.00496985114,0.003877801948,0.004250468976,0.007825587517,0
0.01361708112,0.00496985114,0.003877801948,0.004250468976,0.007825587517,-0.00417053931,0
0.00496985114,0.003877801948,0.004250468976,0.007825587517,-0.00417053931,-0.0003097155382,1
0.003877801948,0.004250468976,0.007825587517,-0.00417053931,-0.0003097155382,-0.005025363865,1
0.004250468976,0.007825587517,-0.00417053931,-0.0003097155382,-0.005025363865,0.005865522175,1
0.007825587517,-0.00417053931,-0.0003097155382,-0.005025363865,0.005865522175,0.003877638949,1
-0.00417053931,-0.0003097155382,-0.005025363865,0.005865522175,0.003877638949,-0.0006458557589,1
-0.0003097155382,-0.005025363865,0.005865522175,0.003877638949,-0.0006458557589,0.0009817067331,1
-0.005025363865,0.005865522175,0.003877638949,-0.0006458557589,0.0009817067331,-0.001744866984,1
0.005865522175,0.003877638949,-0.0006458557589,0.0009817067331,-0.001744866984,0,1
0.003877638949,-0.0006458557589,0.0009817067331,-0.001744866984,0,0.0005500550055,1
-0.0006458557589,0.0009817067331,-0.001744866984,0,0.0005500550055,0.004323389537,1
0.0009817067331,-0.001744866984,0,0.0005500550055,0.004323389537,-0.002611216252,1
-0.001744866984,0,0.0005500550055,0.004323389537,-0.002611216252,0.007530593034,1
0,0.0005500550055,0.004323389537,-0.002611216252,0.007530593034,0.001474498429,1
0.0005500550055,0.004323389537,-0.002611216252,0.007530593034,0.001474498429,0.001403950426,1
0.004323389537,-0.002611216252,0.007530593034,0.001474498429,0.001403950426,0.00218330018,1
-0.002611216252,0.007530593034,0.001474498429,0.001403950426,0.00218330018,0.01921127457,1
0.007530593034,0.001474498429,0.001403950426,0.00218330018,0.01921127457,-0.001012695747,1
0.001474498429,0.001403950426,0.00218330018,0.01921127457,-0.001012695747,0.01560305037,1
0.001403950426,0.00218330018,0.01921127457,-0.001012695747,0.01560305037,-0.007543505863,1
0.00218330018,0.01921127457,-0.001012695747,0.01560305037,-0.007543505863,0.0008222454776,1
0.01921127457,-0.001012695747,0.01560305037,-0.007543505863,0.0008222454776,0.002823517653,1
-0.001012695747,0.01560305037,-0.007543505863,0.0008222454776,0.002823517653,0.001927698778,1
0.01560305037,-0.007543505863,0.0008222454776,0.002823517653,0.001927698778,0.009247561777,1
-0.007543505863,0.0008222454776,0.002823517653,0.001927698778,0.009247561777,0.01900102987,1
0.0008222454776,0.002823517653,0.001927698778,0.009247561777,0.01900102987,0.01101075045,1
0.002823517653,0.001927698778,0.009247561777,0.01900102987,0.01101075045,0.006049337454,1
0.001927698778,0.009247561777,0.01900102987,0.01101075045,0.006049337454,0.01203222729,1
0.009247561777,0.01900102987,0.01101075045,0.006049337454,0.01203222729,-0.004432717678,1
0.01900102987,0.01101075045,0.006049337454,0.01203222729,-0.004432717678,-0.0122748951,1
0.01101075045,0.006049337454,0.01203222729,-0.004432717678,-0.0122748951,-0.01410585817,1
0.006049337454,0.01203222729,-0.004432717678,-0.0122748951,-0.01410585817,0.007481038544,1
0.01203222729,-0.004432717678,-0.0122748951,-0.01410585817,0.007481038544,-0.001757151348,1
-0.004432717678,-0.0122748951,-0.01410585817,0.007481038544,-0.001757151348,-0.01245310945,1
-0.0122748951,-0.01410585817,0.007481038544,-0.001757151348,-0.01245310945,-0.008476291686,1
-0.01410585817,0.007481038544,-0.001757151348,-0.01245310945,-0.008476291686,-0.01338059813,1
0.007481038544,-0.001757151348,-0.01245310945,-0.008476291686,-0.01338059813,0.00002496442569,1
-0.001757151348,-0.01245310945,-0.008476291686,-0.01338059813,0.00002496442569,0.01046869482,1
-0.01245310945,-0.008476291686,-0.01338059813,0.00002496442569,0.01046869482,-0.005269497139,1
-0.008476291686,-0.01338059813,0.00002496442569,0.01046869482,-0.005269497139,-0.006011024368,1
-0.01338059813,0.00002496442569,0.01046869482,-0.005269497139,-0.006011024368,0.004233042781,1
0.00002496442569,0.01046869482,-0.005269497139,-0.006011024368,0.004233042781,0.005161257836,1
0.01046869482,-0.005269497139,-0.006011024368,0.004233042781,0.005161257836,0.006665652879,1
-0.005269497139,-0.006011024368,0.004233042781,0.005161257836,0.006665652879,0.01192582904,1
-0.006011024368,0.004233042781,0.005161257836,0.006665652879,0.01192582904,-0.0008456334563,1
0.004233042781,0.005161257836,0.006665652879,0.01192582904,-0.0008456334563,0.007356927128,1
0.005161257836,0.006665652879,0.01192582904,-0.0008456334563,0.007356927128,-0.01344640538,1
0.006665652879,0.01192582904,-0.0008456334563,0.007356927128,-0.01344640538,-0.00007639419404,1
0.01192582904,-0.0008456334563,0.007356927128,-0.01344640538,-0.00007639419404,-0.002387968702,1
-0.0008456334563,0.007356927128,-0.01344640538,-0.00007639419404,-0.002387968702,0.002010945654,1
-0.001651073198,0.008883953359,-0.002216066482,-0.009873834339,-0.004912663755,0.007700770077,0
0.008883953359,-0.002216066482,-0.009873834339,-0.004912663755,0.007700770077,0,0
-0.002216066482,-0.009873834339,-0.004912663755,0.007700770077,0,-0.008183306056,0
-0.009873834339,-0.004912663755,0.007700770077,0,-0.008183306056,0.00328407225,0
-0.004912663755,0.007700770077,0,-0.008183306056,0.00328407225,0.008834897846,0
0.007700770077,0,-0.008183306056,0.00328407225,0.008834897846,-0.003850385039,0
0,-0.008183306056,0.00328407225,0.008834897846,-0.003850385039,0.001652892562,0
-0.008183306056,0.00328407225,0.008834897846,-0.003850385039,0.001652892562,0,0
0.00328407225,0.008834897846,-0.003850385039,0.001652892562,0,0,0
0.008834897846,-0.003850385039,0.001652892562,0,0,-0.000550660793,0
-0.003850385039,0.001652892562,0,0,-0.000550660793,-0.002197802198,0
0.001652892562,0,0,-0.000550660793,-0.002197802198,0.007751937984,0
0,0,-0.000550660793,-0.002197802198,0.007751937984,0.01176470588,0
0,-0.000550660793,-0.002197802198,0.007751937984,0.01176470588,0,0
-0.000550660793,-0.002197802198,0.007751937984,0.01176470588,0,0.0005605381166,0
-0.002197802198,0.007751937984,0.01176470588,0,0.0005605381166,-0.0005602240896,0
0.007751937984,0.01176470588,0,0.0005605381166,-0.0005602240896,-0.01326699834,0
0.01176470588,0,0.0005605381166,-0.0005602240896,-0.01326699834,0,0
0,0.0005605381166,-0.0005602240896,-0.01326699834,0,-0.003305785124,0
0.0005605381166,-0.0005602240896,-0.01326699834,0,-0.003305785124,0.01114206128,0
-0.0005602240896,-0.01326699834,0,-0.003305785124,0.01114206128,-0.01156387665,0
-0.01326699834,0,-0.003305785124,0.01114206128,-0.01156387665,-0.006020799124,0
0,-0.003305785124,0.01114206128,-0.01156387665,-0.006020799124,0.01612903226,0
-0.003305785124,0.01114206128,-0.01156387665,-0.006020799124,0.01612903226,0.005030743432,0
0.01114206128,-0.01156387665,-0.006020799124,0.01612903226,0.005030743432,0.01879271071,0
-0.01156387665,-0.006020799124,0.01612903226,0.005030743432,0.01879271071,-0.0162464986,0
-0.006020799124,0.01612903226,0.005030743432,0.01879271071,-0.0162464986,-0.001677852349,0
0.01612903226,0.005030743432,0.01879271071,-0.0162464986,-0.001677852349,0.003367003367,0
0.005030743432,0.01879271071,-0.0162464986,-0.001677852349,0.003367003367,-0.02676133261,0
0.01879271071,-0.0162464986,-0.001677852349,0.003367003367,-0.02676133261,0.004939626784,0
-0.0162464986,-0.001677852349,0.003367003367,-0.02676133261,0.004939626784,-0.007625272331,0
-0.001677852349,0.003367003367,-0.02676133261,0.004939626784,-0.007625272331,0.002183406114,0
0.003367003367,-0.02676133261,0.004939626784,-0.007625272331,0.002183406114,0.002736726875,0
-0.02676133261,0.004939626784,-0.007625272331,0.002183406114,0.002736726875,0.002194185409,0
0.004939626784,-0.007625272331,0.002183406114,0.002736726875,0.002194185409,0.006070640177,0
-0.007625272331,0.002183406114,0.002736726875,0.002194185409,0.006070640177,0,0
0.002183406114,0.002736726875,0.002194185409,0.006070640177,0,0,0
0.002736726875,0.002194185409,0.006070640177,0,0,0.007226236798,0
0.002194185409,0.006070640177,0,0,0.007226236798,0.004466778336,0
0.006070640177,0,0,0.007226236798,0.004466778336,0.00223838836,0
0,0,0.007226236798,0.004466778336,0.00223838836,0.01189127973,0
0,0.007226236798,0.004466778336,0.00223838836,0.01189127973,-0.006749156355,0
0.007226236798,0.004466778336,0.00223838836,0.01189127973,-0.006749156355,-0.0005621135469,0
0.004466778336,0.00223838836,0.01189127973,-0.006749156355,-0.0005621135469,-0.01331114809,0
0.00223838836,0.01189127973,-0.006749156355,-0.0005621135469,-0.01331114809,0.007825600894,0
0.01189127973,-0.006749156355,-0.0005621135469,-0.01331114809,0.007825600894,0.005056179775,0
-0.006749156355,-0.0005621135469,-0.01331114809,0.007825600894,0.005056179775,-0.002242152466,0
-0.0005621135469,-0.01331114809,0.007825600894,0.005056179775,-0.002242152466,0.00168444694,0
-0.01331114809,0.007825600894,0.005056179775,-0.002242152466,0.00168444694,0.00792303339,0
0.007825600894,0.005056179775,-0.002242152466,0.00168444694,0.00792303339,-0.005067567568,0
0.005056179775,-0.002242152466,0.00168444694,0.00792303339,-0.005067567568,0.01427755568,0
-0.002242152466,0.00168444694,0.00792303339,-0.005067567568,0.01427755568,0.008640552995,0
0.00168444694,0.00792303339,-0.005067567568,0.01427755568,0.008640552995,-0.003444316877,0
0.00792303339,-0.005067567568,0.01427755568,0.008640552995,-0.003444316877,0.002878526195,0
-0.005067567568,0.01427755568,0.008640552995,-0.003444316877,0.002878526195,0.01105937136,0
0.01427755568,0.008640552995,-0.003444316877,0.002878526195,0.01105937136,-0.001162790698,0
0.008640552995,-0.003444316877,0.002878526195,0.01105937136,-0.001162790698,-0.005205320995,0
-0.003444316877,0.002878526195,0.01105937136,-0.001162790698,-0.005205320995,0.001158077591,0
0.002878526195,0.01105937136,-0.001162790698,-0.005205320995,0.001158077591,0.006997084548,0
0.01105937136,-0.001162790698,-0.005205320995,0.001158077591,0.006997084548,-0.00406504065,0
-0.001162790698,-0.005205320995,0.001158077591,0.006997084548,-0.00406504065,0.00937866354,0
-0.005205320995,0.001158077591,0.006997084548,-0.00406504065,0.00937866354,-0.006406523005,0
0.001158077591,0.006997084548,-0.00406504065,0.00937866354,-0.006406523005,-0.001163467132,0
0.006997084548,-0.00406504065,0.00937866354,-0.006406523005,-0.001163467132,0.01296405421,0
-0.00406504065,0.00937866354,-0.006406523005,-0.001163467132,0.01296405421,0.002362669817,0
0.00937866354,-0.006406523005,-0.001163467132,0.01296405421,0.002362669817,0.007738095238,0
-0.006406523005,-0.001163467132,0.01296405421,0.002362669817,0.007738095238,0.01143889223,0
-0.001163467132,0.01296405421,0.002362669817,0.007738095238,0.01143889223,0.01157125457,0
0.01296405421,0.002362669817,0.007738095238,0.01143889223,0.01157125457,-0.001823708207,0
0.002362669817,0.007738095238,0.01143889223,0.01157125457,-0.001823708207,0.006116207951,0
0.007738095238,0.01143889223,0.01157125457,-0.001823708207,0.006116207951,0.02507836991,0
0.01143889223,0.01157125457,-0.001823708207,0.006116207951,0.02507836991,0.0006273525721,1
0.01157125457,-0.001823708207,0.006116207951,0.02507836991,0.0006273525721,0,1
-0.001823708207,0.006116207951,0.02507836991,0.0006273525721,0,0.004410838059,1
0.006116207951,0.02507836991,0.0006273525721,0,0.004410838059,0.001893939394,1
0.02507836991,0.0006273525721,0,0.004410838059,0.001893939394,0.006993006993,1
0.0006273525721,0,0.004410838059,0.001893939394,0.006993006993,0.02945026178,1
0,0.004410838059,0.001893939394,0.006993006993,0.02945026178,-0.004560260586,1
0.004410838059,0.001893939394,0.006993006993,0.02945026178,-0.004560260586,-0.01665598975,1
0.001893939394,0.006993006993,0.02945026178,-0.004560260586,-0.01665598975,-0.01762114537,1
0.006993006993,0.02945026178,-0.004560260586,-0.01665598975,-0.01762114537,0.006333122229,1
0.02945026178,-0.004560260586,-0.01665598975,-0.01762114537,0.006333122229,-0.003156565657,1
-0.004560260586,-0.01665598975,-0.01762114537,0.006333122229,-0.003156565657,0.01278772379,1
-0.01665598975,-0.01762114537,0.006333122229,-0.003156565657,0.01278772379,-0.01635220126,1
-0.01762114537,0.006333122229,-0.003156565657,0.01278772379,-0.01635220126,-0.001883239171,1
0.006333122229,-0.003156565657,0.01278772379,-0.01635220126,-0.001883239171,-0.01362229102,1
-0.003156565657,0.01278772379,-0.01635220126,-0.001883239171,-0.01362229102,0.003729024239,1
0.01278772379,-0.01635220126,-0.001883239171,-0.01362229102,0.003729024239,0.01004394225,1
-0.01635220126,-0.001883239171,-0.01362229102,0.003729024239,0.01004394225,-0.005617977528,1
-0.001883239171,-0.01362229102,0.003729024239,0.01004394225,-0.005617977528,-0.01597051597,1
-0.01362229102,0.003729024239,0.01004394225,-0.005617977528,-0.01597051597,-0.0006138735421,1
0.003729024239,0.01004394225,-0.005617977528,-0.01597051597,-0.0006138735421,-0.002449479486,1
0.01004394225,-0.005617977528,-0.01597051597,-0.0006138735421,-0.002449479486,0.008647313156,1
-0.005617977528,-0.01597051597,-0.0006138735421,-0.002449479486,0.008647313156,-0.01400730816,1
-0.01597051597,-0.0006138735421,-0.002449479486,0.008647313156,-0.01400730816,-0.006654567453,1
-0.0006138735421,-0.002449479486,0.008647313156,-0.01400730816,-0.006654567453,0.007926829268,1
-0.002449479486,0.008647313156,-0.01400730816,-0.006654567453,0.007926829268,-0.01025950513,1
0.008647313156,-0.01400730816,-0.006654567453,0.007926829268,-0.01025950513,0.001208459215,1
-0.01400730816,-0.006654567453,0.007926829268,-0.01025950513,0.001208459215,-0.005408653846,1
-0.006654567453,0.007926829268,-0.01025950513,0.001208459215,-0.005408653846,-0.003592814371,1
0.007926829268,-0.01025950513,0.001208459215,-0.005408653846,-0.003592814371,0.007845503923,1
-0.01025950513,0.001208459215,-0.005408653846,-0.003592814371,0.007845503923,0.007907542579,1
0.001208459215,-0.005408653846,-0.003592814371,0.007845503923,0.007907542579,-0.0114251353,0
-0.005408653846,-0.003592814371,0.007845503923,0.007907542579,-0.0114251353,0.006658595642,0
-0.003592814371,0.007845503923,0.007907542579,-0.0114251353,0.006658595642,-0.002415458937,0
0.007845503923,0.007907542579,-0.0114251353,0.006658595642,-0.002415458937,0.005464480874,0
0.007907542579,-0.0114251353,0.006658595642,-0.002415458937,0.005464480874,0,0
-0.0114251353,0.006658595642,-0.002415458937,0.005464480874,0,0.001215805471,1
0.006658595642,-0.002415458937,0.005464480874,0,0.001215805471,0.001827040195,0
-0.002415458937,0.005464480874,0,0.001215805471,0.001827040195,-0.01617735171,0
0.005464480874,0,0.001215805471,0.001827040195,-0.01617735171,-0.0005988023952,0
0,0.001215805471,0.001827040195,-0.01617735171,-0.0005988023952,-0.002985074627,0
0.001215805471,0.001827040195,-0.01617735171,-0.0005988023952,-0.002985074627,0.005402160864,0
0.001827040195,-0.01617735171,-0.0005988023952,-0.002985074627,0.005402160864,0.02145922747,0
-0.01617735171,-0.0005988023952,-0.002985074627,0.005402160864,0.02145922747,-0.01271186441,0
-0.0005988023952,-0.002985074627,0.005402160864,0.02145922747,-0.01271186441,-0.005418422637,0
-0.002985074627,0.005402160864,0.02145922747,-0.01271186441,-0.005418422637,-0.007172743574,0
0.005402160864,0.02145922747,-0.01271186441,-0.005418422637,-0.007172743574,0.005408653846,0
0.02145922747,-0.01271186441,-0.005418422637,-0.007172743574,0.005408653846,-0.005379557681,0
-0.01271186441,-0.005418422637,-0.007172743574,0.005408653846,-0.005379557681,-0.001789976134,0
-0.005418422637,-0.007172743574,0.005408653846,-0.005379557681,-0.001789976134,-0.0005963029219,0
-0.007172743574,0.005408653846,-0.005379557681,-0.001789976134,-0.0005963029219,0.003590664273,0
0.005408653846,-0.005379557681,-0.001789976134,-0.0005963029219,0.003590664273,0.004206730769,0
-0.005379557681,-0.001789976134,-0.0005963029219,0.003590664273,0.004206730769,-0.001200480192,0
-0.001789976134,-0.0005963029219,0.003590664273,0.004206730769,-0.001200480192,0.005431502716,0
-0.0005963029219,0.003590664273,0.004206730769,-0.001200480192,0.005431502716,0.01221747098,0
0.003590664273,0.004206730769,-0.001200480192,0.005431502716,0.01221747098,0,0
0.004206730769,-0.001200480192,0.005431502716,0.01221747098,0,-0.01976047904,0
-0.001200480192,0.005431502716,0.01221747098,0,-0.01976047904,-0.0005984440455,0
0.005431502716,0.01221747098,0,-0.01976047904,-0.0005984440455,0.00300120048,0
0.01221747098,0,-0.01976047904,-0.0005984440455,0.00300120048,-0.004778972521,0
0,-0.01976047904,-0.0005984440455,0.00300120048,-0.004778972521,-0.001193317422,0
-0.01976047904,-0.0005984440455,0.00300120048,-0.004778972521,-0.001193317422,0.00119474313,0
-0.0005984440455,0.00300120048,-0.004778972521,-0.001193317422,0.00119474313,0.006614552014,0
0.00300120048,-0.004778972521,-0.001193317422,0.00119474313,0.006614552014,0.0006016847172,0
-0.004778972521,-0.001193317422,0.00119474313,0.006614552014,0.0006016847172,-0.003597122302,0
-0.001193317422,0.00119474313,0.006614552014,0.0006016847172,-0.003597122302,0.007246376812,0
0.00119474313,0.006614552014,0.0006016847172,-0.003597122302,0.007246376812,0.007299270073,0
0.006614552014,0.0006016847172,-0.003597122302,0.007246376812,0.007299270073,0,0
0.0006016847172,-0.003597122302,0.007246376812,0.007299270073,0,0.003050640635,0
-0.003597122302,0.007246376812,0.007299270073,0,0.003050640635,-0.007268322229,0
0.007246376812,0.007299270073,0,0.003050640635,-0.007268322229,-0.001813784764,0
0.007299270073,0,0.003050640635,-0.007268322229,-0.001813784764,-0.003614457831,0
0,0.003050640635,-0.007268322229,-0.001813784764,-0.003614457831,0,0
0.003050640635,-0.007268322229,-0.001813784764,-0.003614457831,0,-0.0006020469597,0
-0.007268322229,-0.001813784764,-0.003614457831,0,-0.0006020469597,0.003019323671,0
-0.001813784764,-0.003614457831,0,-0.0006020469597,0.003019323671,0.003636363636,0
-0.003614457831,0,-0.0006020469597,0.003019323671,0.003636363636,0.006711409396,0
0,-0.0006020469597,0.003019323671,0.003636363636,0.006711409396,0.009236453202,0
-0.0006020469597,0.003019323671,0.003636363636,0.006711409396,0.009236453202,0.007444168734,0
0.003019323671,0.003636363636,0.006711409396,0.009236453202,0.007444168734,-0.01104294479,0
0.003636363636,0.006711409396,0.009236453202,0.007444168734,-0.01104294479,-0.002447980416,0
0.006711409396,0.009236453202,0.007444168734,-0.01104294479,-0.002447980416,-0.002442002442,0
0.009236453202,0.007444168734,-0.01104294479,-0.002447980416,-0.002442002442,-0.02208955224,0
0.007444168734,-0.01104294479,-0.002447980416,-0.002442002442,-0.02208955224,0.002994011976,0
-0.01104294479,-0.002447980416,-0.002442002442,-0.02208955224,0.002994011976,0.007845503923,0
-0.002447980416,-0.002442002442,-0.02208955224,0.002994011976,0.007845503923,-0.001205545509,0
-0.002442002442,-0.02208955224,0.002994011976,0.007845503923,-0.001205545509,-0.003004807692,0
-0.02208955224,0.002994011976,0.007845503923,-0.001205545509,-0.003004807692,0.001806140879,0
0.002994011976,0.007845503923,-0.001205545509,-0.003004807692,0.001806140879,0.001809408926,0
0.007845503923,-0.001205545509,-0.003004807692,0.001806140879,0.001809408926,0.004239854634,0
-0.001205545509,-0.003004807692,0.001806140879,0.001809408926,0.004239854634,0.00182038835,0
-0.003004807692,0.001806140879,0.001809408926,0.004239854634,0.00182038835,-0.005431502716,0
0.001806140879,0.001809408926,0.004239854634,0.00182038835,-0.005431502716,0,0
0.001809408926,0.004239854634,0.00182038835,-0.005431502716,0,0.005461165049,0
0.004239854634,0.00182038835,-0.005431502716,0,0.005461165049,0.007334963325,0
0.00182038835,-0.005431502716,0,0.005461165049,0.007334963325,0.01050030883,0
-0.005431502716,0,0.005461165049,0.007334963325,0.01050030883,0.0156838143,0
0,0.005461165049,0.007334963325,0.01050030883,0.0156838143,0.01077996195,0
0.005461165049,0.007334963325,0.01050030883,0.0156838143,0.01077996195,-0.01621958827,0
0.007334963325,0.01050030883,0.0156838143,0.01077996195,-0.01621958827,0.003757044458,0
0.01050030883,0.0156838143,0.01077996195,-0.01621958827,0.003757044458,-0.007458048477,0
0.0156838143,0.01077996195,-0.01621958827,0.003757044458,-0.007458048477,-0.009846153846,0
0.01077996195,-0.01621958827,0.003757044458,-0.007458048477,-0.009846153846,-0.0006150061501,0
-0.01621958827,0.003757044458,-0.007458048477,-0.009846153846,-0.0006150061501,-0.01752265861,0
0.003757044458,-0.007458048477,-0.009846153846,-0.0006150061501,-0.01752265861,0.0006045949214,0
-0.007458048477,-0.009846153846,-0.0006150061501,-0.01752265861,0.0006045949214,0.001817080557,0
-0.009846153846,-0.0006150061501,-0.01752265861,0.0006045949214,0.001817080557,0.0147510756,0
-0.0006150061501,-0.01752265861,0.0006045949214,0.001817080557,0.0147510756,0.002464571781,0
-0.01752265861,0.0006045949214,0.001817080557,0.0147510756,0.002464571781,-0.01217285453,0
0.0006045949214,0.001817080557,0.0147510756,0.002464571781,-0.01217285453,0.004892966361,0
0.001817080557,0.0147510756,0.002464571781,-0.01217285453,0.004892966361,-0.01268115942,0
0.0147510756,0.002464571781,-0.01217285453,0.004892966361,-0.01268115942,0.001209189843,0
0.002464571781,-0.01217285453,0.004892966361,-0.01268115942,0.001209189843,0.003640776699,0
-0.01217285453,0.004892966361,-0.01268115942,0.001209189843,0.003640776699,-0.01021021021,0
0.004892966361,-0.01268115942,0.001209189843,0.003640776699,-0.01021021021,-0.000600240096,0
-0.01268115942,0.001209189843,0.003640776699,-0.01021021021,-0.000600240096,0.0006006006006,0
0.001209189843,0.003640776699,-0.01021021021,-0.000600240096,0.0006006006006,0.01215805471,0
0.003640776699,-0.01021021021,-0.000600240096,0.0006006006006,0.01215805471,0.007965686275,0
-0.01021021021,-0.000600240096,0.0006006006006,0.01215805471,0.007965686275,0.006785934608,0
-0.000600240096,0.0006006006006,0.01215805471,0.007965686275,0.006785934608,-0.006740196078,0
0.0006006006006,0.01215805471,0.007965686275,0.006785934608,-0.006740196078,0,0
0.01215805471,0.007965686275,0.006785934608,-0.006740196078,0,0.01177929324,0
0.007965686275,0.006785934608,-0.006740196078,0,0.01177929324,0.004358655044,0
0.006785934608,-0.006740196078,0,0.01177929324,0.004358655044,-0.008029647931,0
-0.006740196078,0,0.01177929324,0.004358655044,-0.008029647931,0.004342431762,0
0,0.01177929324,0.004358655044,-0.008029647931,0.004342431762,0,0
0.01177929324,0.004358655044,-0.008029647931,0.004342431762,0,0.01639344262,0
0.004358655044,-0.008029647931,0.004342431762,0,0.01639344262,-0.02759043532,0
-0.008029647931,0.004342431762,0,0.01639344262,-0.02759043532,-0.003056234719,0
0.004342431762,0,0.01639344262,-0.02759043532,-0.003056234719,0.006769230769,0
0,0.01639344262,-0.02759043532,-0.003056234719,0.006769230769,-0.004898958971,0
0.01639344262,-0.02759043532,-0.003056234719,0.006769230769,-0.004898958971,0.0036877689,0
-0.02759043532,-0.003056234719,0.006769230769,-0.004898958971,0.0036877689,0.0006150061501,0
-0.003056234719,0.006769230769,-0.004898958971,0.0036877689,0.0006150061501,0.001231527094,0
0.006769230769,-0.004898958971,0.0036877689,0.0006150061501,0.001231527094,0.003088326127,0
-0.004898958971,0.0036877689,0.0006150061501,0.001231527094,0.003088326127,0.003719776813,0
0.0036877689,0.0006150061501,0.001231527094,0.003088326127,0.003719776813,0.002486016159,0
0.0006150061501,0.001231527094,0.003088326127,0.003719776813,0.002486016159,0.006253908693,0
0.001231527094,0.003088326127,0.003719776813,0.002486016159,0.006253908693,-0.005597014925,0
0.003088326127,0.003719776813,0.002486016159,0.006253908693,-0.005597014925,-0.003099814011,0
0.003719776813,0.002486016159,0.006253908693,-0.005597014925,-0.003099814011,-0.005548705302,0
0.002486016159,0.006253908693,-0.005597014925,-0.003099814011,-0.005548705302,0.004334365325,0
0.006253908693,-0.005597014925,-0.003099814011,-0.005548705302,0.004334365325,0.003729024239,0
-0.005597014925,-0.003099814011,-0.005548705302,0.004334365325,0.003729024239,0.006253908693,0
-0.003099814011,-0.005548705302,0.004334365325,0.003729024239,0.006253908693,-0.000625,0
-0.005548705302,0.004334365325,0.003729024239,0.006253908693,-0.000625,-0.001248439451,0
0.004334365325,0.003729024239,0.006253908693,-0.000625,-0.001248439451,0.004388714734,0
0.003729024239,0.006253908693,-0.000625,-0.001248439451,0.004388714734,-0.001252348153,0
0.006253908693,-0.000625,-0.001248439451,0.004388714734,-0.001252348153,0.009481668774,0
-0.000625,-0.001248439451,0.004388714734,-0.001252348153,0.009481668774,0.002534854246,0
-0.001248439451,0.004388714734,-0.001252348153,0.009481668774,0.002534854246,0.001904761905,0
0.004388714734,-0.001252348153,0.009481668774,0.002534854246,0.001904761905,0.001908396947,0
-0.001252348153,0.009481668774,0.002534854246,0.001904761905,0.001908396947,-0.001904761905,0
0.009481668774,0.002534854246,0.001904761905,0.001908396947,-0.001904761905,0.008968609865,0
0.002534854246,0.001904761905,0.001908396947,-0.001904761905,0.008968609865,0.004504504505,0
0.001904761905,0.001908396947,-0.001904761905,0.008968609865,0.004504504505,0,0
0.001908396947,-0.001904761905,0.008968609865,0.004504504505,0,-0.007028753994,0
-0.001904761905,0.008968609865,0.004504504505,0,-0.007028753994,-0.006349206349,0
0.008968609865,0.004504504505,0,-0.007028753994,-0.006349206349,0.003824091778,0
0.004504504505,0,-0.007028753994,-0.006349206349,0.003824091778,0.002555910543,0
0,-0.007028753994,-0.006349206349,0.003824091778,0.002555910543,0.004492939666,0
-0.007028753994,-0.006349206349,0.003824091778,0.002555910543,0.004492939666,-0.00447284345,0
-0.006349206349,0.003824091778,0.002555910543,0.004492939666,-0.00447284345,0.01689408707,0
0.003824091778,0.002555910543,0.004492939666,-0.00447284345,0.01689408707,-0.003238341969,0
0.002555910543,0.004492939666,-0.00447284345,0.01689408707,-0.003238341969,-0.002583979328,0
0.004492939666,-0.00447284345,0.01689408707,-0.003238341969,-0.002583979328,-0.005780346821,0
-0.00447284345,0.01689408707,-0.003238341969,-0.002583979328,-0.005780346821,0,0
0.01689408707,-0.003238341969,-0.002583979328,-0.005780346821,0,-0.002471169689,0
-0.003238341969,-0.002583979328,-0.005780346821,0,-0.002471169689,-0.001188408442,0
-0.002583979328,-0.005780346821,0,-0.002471169689,-0.001188408442,0.004591789878,0
-0.005780346821,0,-0.002471169689,-0.001188408442,0.004591789878,0.01274181548,0
0,-0.002471169689,-0.001188408442,0.004591789878,0.01274181548,-0.002504870584,0
-0.002471169689,-0.001188408442,0.004591789878,0.01274181548,-0.002504870584,0.006724572712,0
-0.001188408442,0.004591789878,0.01274181548,-0.002504870584,0.006724572712,-0.0007466168903,0
0.004591789878,0.01274181548,-0.002504870584,0.006724572712,-0.0007466168903,0.006386775615,0
0.01274181548,-0.002504870584,0.006724572712,-0.0007466168903,0.006386775615,-0.004394987841,0
-0.002504870584,0.006724572712,-0.0007466168903,0.006386775615,-0.004394987841,0.01528529384,0
0.006724572712,-0.0007466168903,0.006386775615,-0.004394987841,0.01528529384,-0.01643477449,0
-0.0007466168903,0.006386775615,-0.004394987841,0.01528529384,-0.01643477449,-0.003813953484,0
0.006386775615,-0.004394987841,0.01528529384,-0.01643477449,-0.003813953484,-0.001300631735,0
-0.004394987841,0.01528529384,-0.01643477449,-0.003813953484,-0.001300631735,-0.003241040837,0
0.01528529384,-0.01643477449,-0.003813953484,-0.001300631735,-0.003241040837,0,0
-0.01643477449,-0.003813953484,-0.001300631735,-0.003241040837,0,0.004371279759,0
-0.003813953484,-0.001300631735,-0.003241040837,0,0.004371279759,-0.000464813607,0
-0.001300631735,-0.003241040837,0,0.004371279759,-0.000464813607,0.008153701962,0
-0.003241040837,0,0.004371279759,-0.000464813607,0.008153701962,0.001501783371,0
0,0.004371279759,-0.000464813607,0.008153701962,0.001501783371,0.0004695276524,0
0.004371279759,-0.000464813607,0.008153701962,0.001501783371,0.0004695276524,0,0
-0.000464813607,0.008153701962,0.001501783371,0.0004695276524,0,0.006046291927,0
0.008153701962,0.001501783371,0.0004695276524,0,0.006046291927,0.00388846737,0
0.001501783371,0.0004695276524,0,0.006046291927,0.00388846737,-0.005283018868,0
0.0004695276524,0,0.006046291927,0.00388846737,-0.005283018868,0.002269288957,0
0,0.006046291927,0.00388846737,-0.005283018868,0.002269288957,-0.004236889183,0
0.006046291927,0.00388846737,-0.005283018868,0.002269288957,-0.004236889183,0.002832593714,0
0.00388846737,-0.005283018868,0.002269288957,-0.004236889183,0.002832593714,0.006366400607,0
-0.005283018868,0.002269288957,-0.004236889183,0.002832593714,0.006366400607,-0.0002849814772,0
0.002269288957,-0.004236889183,0.002832593714,0.006366400607,-0.0002849814772,0,0
-0.004236889183,0.002832593714,0.006366400607,-0.0002849814772,0,-0.008196721312,0
0.002832593714,0.006366400607,-0.0002849814772,0,-0.008196721312,0.008647724033,0
0.006366400607,-0.0002849814772,0,-0.008196721312,0.008647724033,0.005542283806,0
-0.0002849814772,0,-0.008196721312,0.008647724033,0.005542283806,-0.0005730111756,0
0,-0.008196721312,0.008647724033,0.005542283806,-0.0005730111756,0.005280337944,0
-0.008196721312,0.008647724033,0.005542283806,-0.0005730111756,0.005280337944,0.004823461314,0
0.008647724033,0.005542283806,-0.0005730111756,0.005280337944,0.004823461314,0.008758271703,0
0.005542283806,-0.0005730111756,0.005280337944,0.004823461314,0.008758271703,-0.001166407462,0
-0.0005730111756,0.005280337944,0.004823461314,0.008758271703,-0.001166407462,0.01160275319,0
0.005280337944,0.004823461314,0.008758271703,-0.001166407462,0.01160275319,0.009529481838,0
0.004823461314,0.008758271703,-0.001166407462,0.01160275319,0.009529481838,0,0
0.008758271703,-0.001166407462,0.01160275319,0.009529481838,0,-0.002080237741,0
-0.001166407462,0.01160275319,0.009529481838,0,-0.002080237741,0.0003963928243,0
0.01160275319,0.009529481838,0,-0.002080237741,0.0003963928243,-0.008352987419,0
0.009529481838,0,-0.002080237741,0.0003963928243,-0.008352987419,0.009924573239,0
0,-0.002080237741,0.0003963928243,-0.008352987419,0.009924573239,-0.01186623516,1
-0.002080237741,0.0003963928243,-0.008352987419,0.009924573239,-0.01186623516,0.003148057058,1
0.0003963928243,-0.008352987419,0.009924573239,-0.01186623516,0.003148057058,-0.002746983224,1
-0.008352987419,0.009924573239,-0.01186623516,0.003148057058,-0.002746983224,0.005127699439,1
0.009924573239,-0.01186623516,0.003148057058,-0.002746983224,0.005127699439,0.001085883513,0
-0.01186623516,0.003148057058,-0.002746983224,0.005127699439,0.001085883513,0.01067544647,1
0.003148057058,-0.002746983224,0.005127699439,0.001085883513,0.01067544647,-0.004568477504,0
-0.002746983224,0.005127699439,0.001085883513,0.01067544647,-0.004568477504,0.0001986689212,0
0.005127699439,0.001085883513,0.01067544647,-0.004568477504,0.0001986689212,0.006800680065,0
0.001085883513,0.01067544647,-0.004568477504,0.0001986689212,0.006800680065,0.003814878025,0
0.01067544647,-0.004568477504,0.0001986689212,0.006800680065,0.003814878025,-0.0002007427512,0
-0.004568477504,0.0001986689212,0.006800680065,0.003814878025,-0.0002007427512,0.003828715366,1
0.0001986689212,0.006800680065,0.003814878025,-0.0002007427512,0.003828715366,-0.005909455129,0
0.006800680065,0.003814878025,-0.0002007427512,0.003828715366,-0.005909455129,0,0
0.003814878025,-0.0002007427512,0.003828715366,-0.005909455129,0,0.02085889571,1
-0.0002007427512,0.003828715366,-0.005909455129,0,0.02085889571,-0.006400487656,1
0.003828715366,-0.005909455129,0,0.02085889571,-0.006400487656,-0.0001015847267,1
-0.005909455129,0,0.02085889571,-0.006400487656,-0.0001015847267,-0.01736873627,1
0,0.02085889571,-0.006400487656,-0.0001015847267,-0.01736873627,-0.003580664417,1
0.02085889571,-0.006400487656,-0.0001015847267,-0.01736873627,-0.003580664417,0.00059713376,1
-0.006400487656,-0.0001015847267,-0.01736873627,-0.003580664417,0.00059713376,0.007419290153,1
-0.0001015847267,-0.01736873627,-0.003580664417,0.00059713376,0.007419290153,0.003925515852,1
-0.01736873627,-0.003580664417,0.00059713376,0.007419290153,0.003925515852,0.0005035246767,1
-0.003580664417,0.00059713376,0.007419290153,0.003925515852,0.0005035246767,0.007508116882,0
0.00059713376,0.007419290153,0.003925515852,0.0005035246767,0.007508116882,0.03323199497,0
0.007419290153,0.003925515852,0.0005035246767,0.007508116882,0.03323199497,-0.0005238893588,0
0.003925515852,0.0005035246767,0.007508116882,0.03323199497,-0.0005238893588,0.007282321902,0
0.0005035246767,0.007508116882,0.03323199497,-0.0005238893588,0.007282321902,0.004239533648,1
0.007508116882,0.03323199497,-0.0005238893588,0.007282321902,0.004239533648,-0.007782101166,1
0.03323199497,-0.0005238893588,0.007282321902,0.004239533648,-0.007782101166,-0.006062506529,1
-0.0005238893588,0.007282321902,0.004239533648,-0.007782101166,-0.006062506529,0.01560509554,1
0.007282321902,0.004239533648,-0.007782101166,-0.006062506529,0.01560509554,0.006302745427,1
0.004239533648,-0.007782101166,-0.006062506529,0.01560509554,0.006302745427,0.0007483429549,1
-0.007782101166,-0.006062506529,0.01560509554,0.006302745427,0.0007483429549,0.005914614477,1
-0.006062506529,0.01560509554,0.006302745427,0.0007483429549,0.005914614477,0.001076542148,1
0.01560509554,0.006302745427,0.0007483429549,0.005914614477,0.001076542148,0.006719410428,1
0.006302745427,0.0007483429549,0.005914614477,0.001076542148,0.006719410428,0.02079876092,1
0.0007483429549,0.005914614477,0.001076542148,0.006719410428,0.02079876092,0.01687478907,1
0.005914614477,0.001076542148,0.006719410428,0.02079876092,0.01687478907,0.02561439945,1
0.001076542148,0.006719410428,0.02079876092,0.01687478907,0.02561439945,0,1
0.006719410428,0.02079876092,0.01687478907,0.02561439945,0,-0.02365664076,1
0.02079876092,0.01687478907,0.02561439945,0,-0.02365664076,0.002144953711,1
0.01687478907,0.02561439945,0,-0.02365664076,0.002144953711,-0.02110730467,1
0.02561439945,0,-0.02365664076,0.002144953711,-0.02110730467,-0.001214128042,1
0,-0.02365664076,0.002144953711,-0.02110730467,-0.001214128042,0.008235032279,1
-0.02365664076,0.002144953711,-0.02110730467,-0.001214128042,0.008235032279,0.0177823083,1
0.002144953711,-0.02110730467,-0.001214128042,0.008235032279,0.0177823083,-0.03571428571,1
-0.02110730467,-0.001214128042,0.008235032279,0.0177823083,-0.03571428571,0.09587073609,1
-0.001214128042,0.008235032279,0.0177823083,-0.03571428571,0.09587073609,-0.01671178063,1
0.008235032279,0.0177823083,-0.03571428571,0.09587073609,-0.01671178063,-0.002933583665,1
0.0177823083,-0.03571428571,0.09587073609,-0.01671178063,-0.002933583665,-0.05875855975,1
-0.03571428571,0.09587073609,-0.01671178063,-0.002933583665,-0.05875855975,-0.05094339623,1
0.09587073609,-0.01671178063,-0.002933583665,-0.05875855975,-0.05094339623,0.008030431109,1
-0.01671178063,-0.002933583665,-0.05875855975,-0.05094339623,0.008030431109,0.003924896577,1
-0.002933583665,-0.05875855975,-0.05094339623,0.008030431109,0.003924896577,0.004582267688,1
-0.05875855975,-0.05094339623,0.008030431109,0.003924896577,0.004582267688,-0.01994778068,1
-0.05094339623,0.008030431109,0.003924896577,0.004582267688,-0.01994778068,-0.004160166404,1
0.008030431109,0.003924896577,0.004582267688,-0.01994778068,-0.004160166404,-0.01151434152,1
0.003924896577,0.004582267688,-0.01994778068,-0.004160166404,-0.01151434152,0.001029124216,1
0.004582267688,-0.01994778068,-0.004160166404,-0.01151434152,0.001029124216,0.0190875721,1
-0.01994778068,-0.004160166404,-0.01151434152,0.001029124216,0.0190875721,0.0004196831382,1
-0.004160166404,-0.01151434152,0.001029124216,0.0190875721,0.0004196831382,-0.002407368645,1
-0.01151434152,0.001029124216,0.0190875721,0.0004196831382,-0.002407368645,0.01154049762,1
0.001029124216,0.0190875721,0.0004196831382,-0.002407368645,0.01154049762,-0.01078759949,1
0.0190875721,0.0004196831382,-0.002407368645,0.01154049762,-0.01078759949,0.007598142679,1
0.0004196831382,-0.002407368645,0.01154049762,-0.01078759949,0.007598142679,0.02222222222,1
-0.002407368645,0.01154049762,-0.01078759949,0.007598142679,0.02222222222,-0.01466836734,1
0.01154049762,-0.01078759949,0.007598142679,0.02222222222,-0.01466836734,0.004913480025,1
-0.01078759949,0.007598142679,0.02222222222,-0.01466836734,0.004913480025,-0.00626260482,1
0.007598142679,0.02222222222,-0.01466836734,0.004913480025,-0.00626260482,-0.02786090187,1
0.02222222222,-0.01466836734,0.004913480025,-0.00626260482,-0.02786090187,0.005290456435,1
-0.01466836734,0.004913480025,-0.00626260482,-0.02786090187,0.005290456435,-0.01892937106,1
0.004913480025,-0.00626260482,-0.02786090187,0.005290456435,-0.01892937106,0.01163389272,1
-0.00626260482,-0.02786090187,0.005290456435,-0.01892937106,0.01163389272,-0.01220380352,1
-0.02786090187,0.005290456435,-0.01892937106,0.01163389272,-0.01220380352,-0.01866267465,1
0.005290456435,-0.01892937106,0.01163389272,-0.01220380352,-0.01866267465,0.01571211353,0
-0.01892937106,0.01163389272,-0.01220380352,-0.01866267465,0.01571211353,-0.01566553582,1
0.01163389272,-0.01220380352,-0.01866267465,0.01571211353,-0.01566553582,0.0004991514396,0
-0.01220380352,-0.01866267465,0.01571211353,-0.01566553582,0.0004991514396,-0.005065554234,0
-0.01866267465,0.01571211353,-0.01566553582,0.0004991514396,-0.005065554234,-0.005334914046,0
0.01571211353,-0.01566553582,0.0004991514396,-0.005065554234,-0.005334914046,-0.01880573866,0
-0.01566553582,0.0004991514396,-0.005065554234,-0.005334914046,-0.01880573866,-0.005207328837,0
0.0004991514396,-0.005065554234,-0.005334914046,-0.01880573866,-0.005207328837,0.001158524816,0
-0.005065554234,-0.005334914046,-0.01880573866,-0.005207328837,0.001158524816,0,0
-0.005334914046,-0.01880573866,-0.005207328837,0.001158524816,0,0.002807629004,0
-0.01880573866,-0.005207328837,0.001158524816,0,0.002807629004,0.0002905287633,0
-0.005207328837,0.001158524816,0,0.002807629004,0.0002905287633,0.01066849369,0
0.001158524816,0,0.002807629004,0.0002905287633,0.01066849369,-0.003024980485,0
0,0.002807629004,0.0002905287633,0.01066849369,-0.003024980485,-0.0006825938567,0
0.002807629004,0.0002905287633,0.01066849369,-0.003024980485,-0.0006825938567,0.006477573855,0
0.0002905287633,0.01066849369,-0.003024980485,-0.0006825938567,0.006477573855,-0.00933398153,0
0.01066849369,-0.003024980485,-0.0006825938567,0.006477573855,-0.00933398153,0.002925402246,0
-0.003024980485,-0.0006825938567,0.006477573855,-0.00933398153,0.002925402246,0.004702655043,0
-0.0006825938567,0.006477573855,-0.00933398153,0.002925402246,0.004702655043,0.007402289772,0
0.006477573855,-0.00933398153,0.002925402246,0.004702655043,0.007402289772,-0.007931068245,0
-0.00933398153,0.002925402246,0.004702655043,0.007402289772,-0.007931068245,-0.0051626729,0
0.002925402246,0.004702655043,0.007402289772,-0.007931068245,-0.0051626729,0.00607604861,0
0.004702655043,0.007402289772,-0.007931068245,-0.0051626729,0.00607604861,-0.004390672262,0
0.007402289772,-0.007931068245,-0.0051626729,0.00607604861,-0.004390672262,0.008958456389,0
-0.007931068245,-0.0051626729,0.00607604861,-0.004390672262,0.008958456389,-0.014742968,0
-0.0051626729,0.00607604861,-0.004390672262,0.008958456389,-0.014742968,-0.002611976391,0
0.00607604861,-0.004390672262,0.008958456389,-0.014742968,-0.002611976391,0.005153636716,0
-0.004390672262,0.008958456389,-0.014742968,-0.002611976391,0.005153636716,0.004983875692,0
0.008958456389,-0.014742968,-0.002611976391,0.005153636716,0.004983875692,0,0
-0.014742968,-0.002611976391,0.005153636716,0.004983875692,0,0.009868745685,0
-0.002611976391,0.005153636716,0.004983875692,0,0.009868745685,0.009564610937,0
0.005153636716,0.004983875692,0,0.009868745685,0.009564610937,-0.0009953219877,0
0.004983875692,0,0.009868745685,0.009564610937,-0.0009953219877,0.01834583418,0
0,0.009868745685,0.009564610937,-0.0009953219877,0.01834583418,0.002438528755,0
0.009868745685,0.009564610937,-0.0009953219877,0.01834583418,0.002438528755,0.001730279899,0
0.009564610937,-0.0009953219877,0.01834583418,0.002438528755,0.001730279899,0,0
-0.0009953219877,0.01834583418,0.002438528755,0.001730279899,0,-0.01543240806,0
0.01834583418,0.002438528755,0.001730279899,0,-0.01543240806,0.001103531299,0
0.002438528755,0.001730279899,0,-0.01543240806,0.001103531299,-0.01111111111,0
0.001730279899,0,-0.01543240806,0.001103531299,-0.01111111111,0.005385996406,0
0,-0.01543240806,0.001103531299,-0.01111111111,0.005385996406,0.01344384919,0
-0.01543240806,0.001103531299,-0.01111111111,0.005385996406,0.01344384919,0,0
0.001103531299,-0.01111111111,0.005385996406,0.01344384919,0,-0.001614693709,0
-0.01111111111,0.005385996406,0.01344384919,0,-0.001614693709,-0.003920386006,0
0.005385996406,0.01344384919,0,-0.001614693709,-0.003920386006,-0.01044464339,0
0.01344384919,0,-0.001614693709,-0.003920386006,-0.01044464339,-0.01130999213,0
0,-0.001614693709,-0.003920386006,-0.01044464339,-0.01130999213,0,0
-0.001614693709,-0.003920386006,-0.01044464339,-0.01130999213,0,0.0002951303502,0
-0.003920386006,-0.01044464339,-0.01130999213,0,0.0002951303502,0.01083929992,0
-0.01044464339,-0.01130999213,0,0.0002951303502,0.01083929992,0.006203722235,0
-0.01130999213,0,0.0002951303502,0.01083929992,0.006203722235,0.01112909753,0
0,0.0002951303502,0.01083929992,0.006203722235,0.01112909753,-0.001212611153,0
0.0002951303502,0.01083929992,0.006203722235,0.01112909753,-0.001212611153,-0.03141822453,0
0.01083929992,0.006203722235,0.01112909753,-0.001212611153,-0.03141822453,-0.004869971752,0
0.006203722235,0.01112909753,-0.001212611153,-0.03141822453,-0.004869971752,0.004304020342,0
0.01112909753,-0.001212611153,-0.03141822453,-0.004869971752,0.004304020342,-0.01236595498,0
-0.001212611153,-0.03141822453,-0.004869971752,0.004304020342,-0.01236595498,-0.005858624668,0
-0.03141822453,-0.004869971752,0.004304020342,-0.01236595498,-0.005858624668,0.00832849119,0
-0.004869971752,0.004304020342,-0.01236595498,-0.005858624668,0.00832849119,-0.003858769057,0
0.004304020342,-0.01236595498,-0.005858624668,0.00832849119,-0.003858769057,-0.006802721087,0
-0.01236595498,-0.005858624668,0.00832849119,-0.003858769057,-0.006802721087,0.003075444497,0
-0.005858624668,0.00832849119,-0.003858769057,-0.006802721087,0.003075444497,-0.002970486777,0
0.00832849119,-0.003858769057,-0.006802721087,0.003075444497,-0.002970486777,0.006849975885,0
-0.003858769057,-0.006802721087,0.003075444497,-0.002970486777,0.006849975885,0.0001929943028,0
-0.006802721087,0.003075444497,-0.002970486777,0.006849975885,0.0001929943028,0.002127453823,0
0.003075444497,-0.002970486777,0.006849975885,0.0001929943028,0.002127453823,0,0
-0.002970486777,0.006849975885,0.0001929943028,0.002127453823,0,0.005347073694,0
0.006849975885,0.0001929943028,0.002127453823,0,0.005347073694,-0.003391144269,0
0.0001929943028,0.002127453823,0,0.005347073694,-0.003391144269,0.004086000584,0
0.002127453823,0,0.005347073694,-0.003391144269,0.004086000584,0.004298974111,0
0,0.005347073694,-0.003391144269,0.004086000584,0.004298974111,0.005402750486,0
0.005347073694,-0.003391144269,0.004086000584,0.004298974111,0.005402750486,0.00702344446,0
-0.003391144269,0.004086000584,0.004298974111,0.005402750486,0.00702344446,0.0005938830001,0
0.004086000584,0.004298974111,0.005402750486,0.00702344446,0.0005938830001,0.004673826575,0
0.004298974111,0.005402750486,0.00702344446,0.0005938830001,0.004673826575,0.00419412822,0
0.005402750486,0.00702344446,0.0005938830001,0.004673826575,0.00419412822,-0.01301005322,0
0.00702344446,0.0005938830001,0.004673826575,0.00419412822,-0.01301005322,-0.006657528879,0
0.0005938830001,0.004673826575,0.00419412822,-0.01301005322,-0.006657528879,-0.0006848644947,0
0.004673826575,0.00419412822,-0.01301005322,-0.006657528879,-0.0006848644947,-0.003898255535,0
0.00419412822,-0.01301005322,-0.006657528879,-0.0006848644947,-0.003898255535,0.003030303031,0
-0.01301005322,-0.006657528879,-0.0006848644947,-0.003898255535,0.003030303031,0.004319654431,0
-0.006657528879,-0.0006848644947,-0.003898255535,0.003030303031,0.004319654431,0.006919731119,0
-0.0006848644947,-0.003898255535,0.003030303031,0.004319654431,0.006919731119,0.02815326761,0
-0.003898255535,0.003030303031,0.004319654431,0.006919731119,0.02815326761,0.01297230516,0
0.003030303031,0.004319654431,0.006919731119,0.02815326761,0.01297230516,-0.002259887004,0
0.004319654431,0.006919731119,0.02815326761,0.01297230516,-0.002259887004,0.004125838058,0
0.006919731119,0.02815326761,0.01297230516,-0.002259887004,0.004125838058,-0.01802896789,0
0.02815326761,0.01297230516,-0.002259887004,0.004125838058,-0.01802896789,-0.00292870127,0
0.01297230516,-0.002259887004,0.004125838058,-0.01802896789,-0.00292870127,0.001517143722,0
-0.002259887004,0.004125838058,-0.01802896789,-0.00292870127,0.001517143722,0.003960194962,0
0.004125838058,-0.01802896789,-0.00292870127,0.001517143722,0.003960194962,-0.0008116883097,0
-0.01802896789,-0.00292870127,0.001517143722,0.003960194962,-0.0008116883097,0.002441008951,0
-0.00292870127,0.001517143722,0.003960194962,-0.0008116883097,0.002441008951,-0.008970869876,0
0.001517143722,0.003960194962,-0.0008116883097,0.002441008951,-0.008970869876,-0.001006947935,0
0.003960194962,-0.0008116883097,0.002441008951,-0.008970869876,-0.001006947935,-0.003111824936,0
-0.0008116883097,0.002441008951,-0.008970869876,-0.001006947935,-0.003111824936,0.00382910117,0
0.002441008951,-0.008970869876,-0.001006947935,-0.003111824936,0.00382910117,-0.0002014910367,0
-0.008970869876,-0.001006947935,-0.003111824936,0.00382910117,-0.0002014910367,0.005470016204,0
-0.001006947935,-0.003111824936,0.00382910117,-0.0002014910367,0.005470016204,-0.006841046275,0
-0.003111824936,0.00382910117,-0.0002014910367,0.005470016204,-0.006841046275,0.007602635577,0
0.00382910117,-0.0002014910367,0.005470016204,-0.006841046275,0.007602635577,0.00745506536,0
-0.0002014910367,0.005470016204,-0.006841046275,0.007602635577,0.00745506536,-0.00193660177,0
0.005470016204,-0.006841046275,0.007602635577,0.00745506536,-0.00193660177,0.007082734554,0
-0.006841046275,0.007602635577,0.00745506536,-0.00193660177,0.007082734554,0.008801905352,0
0.007602635577,0.00745506536,-0.00193660177,0.007082734554,0.008801905352,-0.009436865317,0
0.00745506536,-0.00193660177,0.007082734554,0.008801905352,-0.009436865317,0.009840480629,0
-0.00193660177,0.007082734554,0.008801905352,-0.009436865317,0.009840480629,-0.002067397149,0
0.007082734554,0.008801905352,-0.009436865317,0.009840480629,-0.002067397149,0.0003102057709,0
0.008801905352,-0.009436865317,0.009840480629,-0.002067397149,0.0003102057709,-0.009626216079,0
-0.009436865317,0.009840480629,-0.002067397149,0.0003102057709,-0.009626216079,0.003906651589,0
0.009840480629,-0.002067397149,0.0003102057709,-0.009626216079,0.003906651589,-0.0007191288268,0
-0.002067397149,0.0003102057709,-0.009626216079,0.003906651589,-0.0007191288268,0.00454076367,0
0.0003102057709,-0.009626216079,0.003906651589,-0.0007191288268,0.00454076367,-0.002778635376,0
-0.009626216079,0.003906651589,-0.0007191288268,0.00454076367,-0.002778635376,0.002372601605,0
0.003906651589,-0.0007191288268,0.00454076367,-0.002778635376,0.002372601605,0.002585582789,0
-0.0007191288268,0.00454076367,-0.002778635376,0.002372601605,0.002585582789,-0.002578914792,0
0.00454076367,-0.002778635376,0.002372601605,0.002585582789,-0.002578914792,0.01742233418,0
-0.002778635376,0.002372601605,0.002585582789,-0.002578914792,0.01742233418,-0.002512562815,0
0.002372601605,0.002585582789,-0.002578914792,0.01742233418,-0.002512562815,0.00094309965,0
0.002585582789,-0.002578914792,0.01742233418,-0.002512562815,0.00094309965,0.001994960105,0
-0.002578914792,0.01742233418,-0.002512562815,0.00094309965,0.001994960105,0.00719120135,0
0.01742233418,-0.002512562815,0.00094309965,0.001994960105,0.00719120135,0.007780027711,0
-0.002512562815,0.00094309965,0.001994960105,0.00719120135,0.007780027711,0.01022825151,0
0.00094309965,0.001994960105,0.00719120135,0.007780027711,0.01022825151,0.003891050589,0
0.001994960105,0.00719120135,0.007780027711,0.01022825151,0.003891050589,0.01103704513,0
0.00719120135,0.007780027711,0.01022825151,0.003891050589,0.01103704513,-0.01718397594,0
0.007780027711,0.01022825151,0.003891050589,0.01103704513,-0.01718397594,-0.003211647578,0
0.01022825151,0.003891050589,0.01103704513,-0.01718397594,-0.003211647578,-0.001709949766,0
0.003891050589,0.01103704513,-0.01718397594,-0.003211647578,-0.001709949766,0,0
0.01103704513,-0.01718397594,-0.003211647578,-0.001709949766,0,-0.02205267559,0
-0.01718397594,-0.003211647578,-0.001709949766,0,-0.02205267559,0.009921891494,0
-0.003211647578,-0.001709949766,0,-0.02205267559,0.009921891494,0.0007394105841,0
-0.001709949766,0,-0.02205267559,0.009921891494,0.0007394105841,-0.006193575479,0
0,-0.02205267559,0.009921891494,0.0007394105841,-0.006193575479,0.001050861708,0
-0.02205267559,0.009921891494,0.0007394105841,-0.006193575479,0.001050861708,-0.003038239914,0
0.009921891494,0.0007394105841,-0.006193575479,0.001050861708,-0.003038239914,0.01326963907,0
0.0007394105841,-0.006193575479,0.001050861708,-0.003038239914,0.01326963907,-0.009046917739,0
-0.006193575479,0.001050861708,-0.003038239914,0.01326963907,-0.009046917739,0.005500317327,0
0.001050861708,-0.003038239914,0.01326963907,-0.009046917739,0.005500317327,-0.00295296351,0
-0.003038239914,0.01326963907,-0.009046917739,0.005500317327,-0.00295296351,0.01001278228,0
0.01326963907,-0.009046917739,0.005500317327,-0.00295296351,0.01001278228,0.002134927407,0
-0.009046917739,0.005500317327,-0.00295296351,0.01001278228,0.002134927407,0.01715526602,0
0.005500317327,-0.00295296351,0.01001278228,0.002134927407,0.01715526602,0.003267973852,0
-0.00295296351,0.01001278228,0.002134927407,0.01715526602,0.003267973852,0.01694915254,0
0.01001278228,0.002134927407,0.01715526602,0.003267973852,0.01694915254,-0.0008854454876,0
0.002134927407,0.01715526602,0.003267973852,0.01694915254,-0.0008854454876,0.004335260115,0
0.01715526602,0.003267973852,0.01694915254,-0.0008854454876,0.004335260115,0.02355216748,0
0.003267973852,0.01694915254,-0.0008854454876,0.004335260115,0.02355216748,-0.00812549374,0
0.01694915254,-0.0008854454876,0.004335260115,0.02355216748,-0.00812549374,0.01049150417,0
-0.0008854454876,0.004335260115,0.02355216748,-0.00812549374,0.01049150417,-0.02987056091,0
0.004335260115,0.02355216748,-0.00812549374,0.01049150417,-0.02987056091,-0.02016260162,0
0.02355216748,-0.00812549374,0.01049150417,-0.02987056091,-0.02016260162,-0.015264731,0
-0.00812549374,0.01049150417,-0.02987056091,-0.02016260162,-0.015264731,0.01473136915,1
0.01049150417,-0.02987056091,-0.02016260162,-0.015264731,0.01473136915,-0.004206665946,0
-0.02987056091,-0.02016260162,-0.015264731,0.01473136915,-0.004206665946,0.000107874863,1
-0.02016260162,-0.015264731,0.01473136915,-0.004206665946,0.000107874863,0.01167739824,0
-0.015264731,0.01473136915,-0.004206665946,0.000107874863,0.01167739824,-0.003046458492,0
0.01473136915,-0.004206665946,0.000107874863,0.01167739824,-0.003046458492,-0.02337689937,0
-0.004206665946,0.000107874863,0.01167739824,-0.003046458492,-0.02337689937,-0.0007432575918,0
0.000107874863,0.01167739824,-0.003046458492,-0.02337689937,-0.0007432575918,0.01116598669,0
0.01167739824,-0.003046458492,-0.02337689937,-0.0007432575918,0.01116598669,-0.006612627988,0
-0.003046458492,-0.02337689937,-0.0007432575918,0.01116598669,-0.006612627988,-0.008669909069,0
-0.02337689937,-0.0007432575918,0.01116598669,-0.006612627988,-0.008669909069,-0.01417552637,0
-0.0007432575918,0.01116598669,-0.006612627988,-0.008669909069,-0.01417552637,0.008832807571,0
0.01116598669,-0.006612627988,-0.008669909069,-0.01417552637,0.008832807571,0.004011824325,0
-0.006612627988,-0.008669909069,-0.01417552637,0.008832807571,0.004011824325,0.00616103675,0
-0.008669909069,-0.01417552637,0.008832807571,0.004011824325,0.00616103675,-0.00486257928,0
-0.01417552637,0.008832807571,0.004011824325,0.00616103675,-0.00486257928,0.01014415376,0
0.008832807571,0.004011824325,0.00616103675,-0.00486257928,0.01014415376,0,0
0.004011824325,0.00616103675,-0.00486257928,0.01014415376,0,0.001283010803,0
0.00616103675,-0.00486257928,0.01014415376,0,0.001283010803,0,0
-0.00486257928,0.01014415376,0,0.001283010803,0,0.004510793685,0
0.01014415376,0,0.001283010803,0,0.004510793685,0.004856464495,0
0,0.001283010803,0,0.004510793685,0.004856464495,0.005752740691,0
0.001283010803,0,0.004510793685,0.004856464495,0.005752740691,0.001521904555,0
0,0.004510793685,0.004856464495,0.005752740691,0.001521904555,-0.002926512033,0
0.004510793685,0.004856464495,0.005752740691,0.001521904555,-0.002926512033,0.001737242131,0
0.004856464495,0.005752740691,0.001521904555,-0.002926512033,0.001737242131,0.001195782149,0
0.005752740691,0.001521904555,-0.002926512033,0.001737242131,0.001195782149,0.002834405317,0
0.001521904555,-0.002926512033,0.001737242131,0.001195782149,0.002834405317,-0.002175568369,0
-0.002926512033,0.001737242131,0.001195782149,0.002834405317,-0.002175568369,-0.000978048246,0
0.001737242131,0.001195782149,0.002834405317,-0.002175568369,-0.000978048246,0,0
0.001195782149,0.002834405317,-0.002175568369,-0.000978048246,0,-0.002601344029,0
0.002834405317,-0.002175568369,-0.000978048246,0,-0.002601344029,0.0023902651,0
-0.002175568369,-0.000978048246,0,-0.002601344029,0.0023902651,0.007774006356,0
-0.000978048246,0,-0.002601344029,0.0023902651,0.007774006356,-0.001639702673,0
0,-0.002601344029,0.0023902651,0.007774006356,-0.001639702673,0.0008752735284,0
-0.002601344029,0.0023902651,0.007774006356,-0.001639702673,0.0008752735284,0.009275618375,0
0.0023902651,0.007774006356,-0.001639702673,0.0008752735284,0.009275618375,0.00210246763,0
0.007774006356,-0.001639702673,0.0008752735284,0.009275618375,0.00210246763,0.002996670368,0
-0.001639702673,0.0008752735284,0.009275618375,0.00210246763,0.002996670368,-0.001993797075,0
0.0008752735284,0.009275618375,0.00210246763,0.002996670368,-0.001993797075,-0.000664157629,0
0.009275618375,0.00210246763,0.002996670368,-0.001993797075,-0.000664157629,0.01221288515,0
0.00210246763,0.002996670368,-0.001993797075,-0.000664157629,0.01221288515,-0.0001120322631,0
0.002996670368,-0.001993797075,-0.000664157629,0.01221288515,-0.0001120322631,0.0004483299697,0
-0.001993797075,-0.000664157629,0.01221288515,-0.0001120322631,0.0004483299697,0.007452574527,0
-0.000664157629,0.01221288515,-0.0001120322631,0.0004483299697,0.007452574527,-0.004720161834,0
0.01221288515,-0.0001120322631,0.0004483299697,0.007452574527,-0.004720161834,-0.007805530776,0
-0.0001120322631,0.0004483299697,0.007452574527,-0.004720161834,-0.007805530776,0,0
0.0004483299697,0.007452574527,-0.004720161834,-0.007805530776,0,-0.0004458314746,0
0.007452574527,-0.004720161834,-0.007805530776,0,-0.0004458314746,0.007297631072,0
-0.004720161834,-0.007805530776,0,-0.0004458314746,0.007297631072,-0.008350033397,0
-0.007805530776,0,-0.0004458314746,0.007297631072,-0.008350033397,-0.003218288764,0
0,-0.0004458314746,0.007297631072,-0.008350033397,-0.003218288764,0.001778765984,0
-0.0004458314746,0.007297631072,-0.008350033397,-0.003218288764,0.001778765984,0.00122439893,0
0.007297631072,-0.008350033397,-0.003218288764,0.001778765984,0.00122439893,0.001225899921,0
-0.008350033397,-0.003218288764,0.001778765984,0.00122439893,0.001225899921,-0.002556691859,0
-0.003218288764,0.001778765984,0.00122439893,0.001225899921,-0.002556691859,0.0118096952,0
0.001778765984,0.00122439893,0.001225899921,-0.002556691859,0.0118096952,0.005655468836,0
0.00122439893,0.001225899921,-0.002556691859,0.0118096952,0.005655468836,-0.0001130965822,0
0.001225899921,-0.002556691859,0.0118096952,0.005655468836,-0.0001130965822,0.001132246378,0
-0.002556691859,0.0118096952,0.005655468836,-0.0001130965822,0.001132246378,0.005693463901,0
0.0118096952,0.005655468836,-0.0001130965822,0.001132246378,0.005693463901,-0.000569022424,0
0.005655468836,-0.0001130965822,0.001132246378,0.005693463901,-0.000569022424,0.0009112655257,0
-0.0001130965822,0.001132246378,0.005693463901,-0.000569022424,0.0009112655257,0.01093965914,0
0.001132246378,0.005693463901,-0.000569022424,0.0009112655257,0.01093965914,0.01188534141,0
0.005693463901,-0.000569022424,0.0009112655257,0.01093965914,0.01188534141,0.01000353066,0
-0.000569022424,0.0009112655257,0.01093965914,0.01188534141,0.01000353066,-0.002465367457,0
0.0009112655257,0.01093965914,0.01188534141,0.01000353066,-0.002465367457,-0.01628363552,0
0.01093965914,0.01188534141,0.01000353066,-0.002465367457,-0.01628363552,0.003476648514,0
0.01188534141,0.01000353066,-0.002465367457,-0.01628363552,0.003476648514,0.00994850187,0
0.01000353066,-0.002465367457,-0.01628363552,0.003476648514,0.00994850187,-0.004659832251,0
-0.002465367457,-0.01628363552,0.003476648514,0.00994850187,-0.004659832251,0,0
-0.01628363552,0.003476648514,0.00994850187,-0.004659832251,0,0.01274185937,0
0.003476648514,0.00994850187,-0.004659832251,0,0.01274185937,0.008927508635,0
0.00994850187,-0.004659832251,0,0.01274185937,0.008927508635,-0.007677769907,0
-0.004659832251,0,0.01274185937,0.008927508635,-0.007677769907,-0.002121640734,0
0,0.01274185937,0.008927508635,-0.007677769907,-0.002121640734,-0.006208269883,0
0.01274185937,0.008927508635,-0.007677769907,-0.002121640734,-0.006208269883,-0.002337267736,0
0.008927508635,-0.007677769907,-0.002121640734,-0.006208269883,-0.002337267736,-0.01257789061,0
-0.007677769907,-0.002121640734,-0.006208269883,-0.002337267736,-0.01257789061,-0.01511535402,1
-0.002121640734,-0.006208269883,-0.002337267736,-0.01257789061,-0.01511535402,0.007211538462,0
-0.006208269883,-0.002337267736,-0.01257789061,-0.01511535402,0.007211538462,-0.01086956521,0
-0.002337267736,-0.01257789061,-0.01511535402,0.007211538462,-0.01086956521,0.001701258929,0
-0.01257789061,-0.01511535402,0.007211538462,-0.01086956521,0.001701258929,0.0003403675981,0
-0.01511535402,0.007211538462,-0.01086956521,0.001701258929,0.0003403675981,0.01077981651,0
0.007211538462,-0.01086956521,0.001701258929,0.0003403675981,0.01077981651,-0.01200997055,0
-0.01086956521,0.001701258929,0.0003403675981,0.01077981651,-0.01200997055,0.001588742624,0
0.001701258929,0.0003403675981,0.01077981651,-0.01200997055,0.001588742624,-0.008216094542,0
0.0003403675981,0.01077981651,-0.01200997055,0.001588742624,-0.008216094542,0,0
0.01077981651,-0.01200997055,0.001588742624,-0.008216094542,0,-0.002805836138,0
-0.01200997055,0.001588742624,-0.008216094542,0,-0.002805836138,0.001348617671,0
0.001588742624,-0.008216094542,0,-0.002805836138,0.001348617671,0.009530292716,0
-0.008216094542,0,-0.002805836138,0.001348617671,0.009530292716,-0.002376910017,0
0,-0.002805836138,0.001348617671,0.009530292716,-0.002376910017,-0.002596522921,0
-0.002805836138,0.001348617671,0.009530292716,-0.002376910017,-0.002596522921,-0.002477477475,0
0.001348617671,0.009530292716,-0.002376910017,-0.002596522921,-0.002477477475,0.004184100414,0
0.009530292716,-0.002376910017,-0.002596522921,-0.002477477475,0.004184100414,0.0101667809,0
-0.002376910017,-0.002596522921,-0.002477477475,0.004184100414,0.0101667809,0.00562894888,0
-0.002596522921,-0.002477477475,0.004184100414,0.0101667809,0.00562894888,0.00531239173,0
-0.002477477475,0.004184100414,0.0101667809,0.00562894888,0.00531239173,-0.005741187275,0
0.004184100414,0.0101667809,0.00562894888,0.00531239173,-0.005741187275,-0.004230505377,0
0.0101667809,0.00562894888,0.00531239173,-0.005741187275,-0.004230505377,-0.001370175836,0
0.00562894888,0.00531239173,-0.005741187275,-0.004230505377,-0.001370175836,0.01003344482,0
0.00531239173,-0.005741187275,-0.004230505377,-0.001370175836,0.01003344482,-0.001726916883,0
-0.005741187275,-0.004230505377,-0.001370175836,0.01003344482,-0.001726916883,-0.006178489699,0
-0.004230505377,-0.001370175836,0.01003344482,-0.001726916883,-0.006178489699,0.01028782799,0
-0.001370175836,0.01003344482,-0.001726916883,-0.006178489699,0.01028782799,0.005696349686,0
0.01003344482,-0.001726916883,-0.006178489699,0.01028782799,0.005696349686,-0.0104681928,0
-0.001726916883,-0.006178489699,0.01028782799,0.005696349686,-0.0104681928,-0.0009194345455,0
-0.006178489699,0.01028782799,0.005696349686,-0.0104681928,-0.0009194345455,0.007993512514,0
0.01028782799,0.005696349686,-0.0104681928,-0.0009194345455,0.007993512514,0.005591798689,0
0.005696349686,-0.0104681928,-0.0009194345455,0.007993512514,0.005591798689,-0.001860465112,0
-0.0104681928,-0.0009194345455,0.007993512514,0.005591798689,-0.001860465112,0.002681590295,0
-0.0009194345455,0.007993512514,0.005591798689,-0.001860465112,0.002681590295,-0.002790373205,0
0.007993512514,0.005591798689,-0.001860465112,0.002681590295,-0.002790373205,0.0006980802734,0
0.005591798689,-0.001860465112,0.002681590295,-0.002790373205,0.0006980802734,0.02017804155,0
-0.001860465112,0.002681590295,-0.002790373205,0.0006980802734,0.02017804155,0.0003562099276,0
0.002681590295,-0.002790373205,0.0006980802734,0.02017804155,0.0003562099276,0,0
-0.002790373205,0.0006980802734,0.02017804155,0.0003562099276,0,-0.006839622645,0
0.0006980802734,0.02017804155,0.0003562099276,0,-0.006839622645,-0.005278592377,0
0.02017804155,0.0003562099276,0,-0.006839622645,-0.005278592377,0.007445048452,0
0.0003562099276,0,-0.006839622645,-0.005278592377,0.007445048452,0.01135412932,0
0,-0.006839622645,-0.005278592377,0.007445048452,0.01135412932,-0.01564705882,0
-0.006839622645,-0.005278592377,0.007445048452,0.01135412932,-0.01564705882,0.0004708097999,0
-0.005278592377,0.007445048452,0.01135412932,-0.01564705882,0.0004708097999,0.00663507109,0
0.007445048452,0.01135412932,-0.01564705882,0.0004708097999,0.00663507109,0.002256264098,0
0.01135412932,-0.01564705882,0.0004708097999,0.00663507109,0.002256264098,0.007658250566,0
-0.01564705882,0.0004708097999,0.00663507109,0.002256264098,0.007658250566,0.003241296521,0
0.0004708097999,0.00663507109,0.002256264098,0.007658250566,0.003241296521,-0.004541108988,0
0.00663507109,0.002256264098,0.007658250566,0.003241296521,-0.004541108988,0.009408926415,0
0.002256264098,0.007658250566,0.003241296521,-0.004541108988,0.009408926415,0.01258092098,0
0.007658250566,0.003241296521,-0.004541108988,0.009408926415,0.01258092098,-0.01681277771,0
0.003241296521,-0.004541108988,0.009408926415,0.01258092098,-0.01681277771,-0.001199472233,0
-0.004541108988,0.009408926415,0.01258092098,-0.01681277771,-0.001199472233,0.00871143376,0
0.009408926415,0.01258092098,-0.01681277771,-0.001199472233,0.00871143376,-0.0003628447037,0
0.01258092098,-0.01681277771,-0.001199472233,0.00871143376,-0.0003628447037,0.005350194548,0
-0.01681277771,-0.001199472233,0.00871143376,-0.0003628447037,0.005350194548,-0.0003646529731,0
-0.001199472233,0.00871143376,-0.0003628447037,0.005350194548,-0.0003646529731,0.00219271532,0
0.00871143376,-0.0003628447037,0.005350194548,-0.0003646529731,0.00219271532,0.004036203519,0
-0.0003628447037,0.005350194548,-0.0003646529731,0.00219271532,0.004036203519,0.01225702612,0
0.005350194548,-0.0003646529731,0.00219271532,0.004036203519,0.01225702612,0.008490448251,0
-0.0003646529731,0.00219271532,0.004036203519,0.01225702612,0.008490448251,-0.005834160879,0
0.00219271532,0.004036203519,0.01225702612,0.008490448251,-0.005834160879,0,0
0.004036203519,0.01225702612,0.008490448251,-0.005834160879,0,-0.004325794092,0
0.01225702612,0.008490448251,-0.005834160879,0,-0.004325794092,0.0002472493547,0
0.008490448251,-0.005834160879,0,-0.004325794092,0.0002472493547,-0.001111385531,1
-0.005834160879,0,-0.004325794092,0.0002472493547,-0.001111385531,0.005213505462,1
0,-0.004325794092,0.0002472493547,-0.001111385531,0.005213505462,-0.001858505759,1
-0.004325794092,0.0002472493547,-0.001111385531,0.005213505462,-0.001858505759,0.01483716837,1
0.0002472493547,-0.001111385531,0.005213505462,-0.001858505759,0.01483716837,0.001637279591,0
-0.001111385531,0.005213505462,-0.001858505759,0.01483716837,0.001637279591,-0.002888358654,0
0.005213505462,-0.001858505759,0.01483716837,0.001637279591,-0.002888358654,-0.01031568481,0
-0.001858505759,0.01483716837,0.001637279591,-0.002888358654,-0.01031568481,0,1
0.01483716837,0.001637279591,-0.002888358654,-0.01031568481,0,-0.006298629117,1
0.001637279591,-0.002888358654,-0.01031568481,0,-0.006298629117,-0.00418152749,1
-0.002888358654,-0.01031568481,0,-0.006298629117,-0.00418152749,0.0003690944894,1
-0.01031568481,0,-0.006298629117,-0.00418152749,0.0003690944894,0.001725412867,1
0,-0.006298629117,-0.00418152749,0.0003690944894,0.001725412867,0,1
-0.006298629117,-0.00418152749,0.0003690944894,0.001725412867,0,0.004954173888,1
-0.00418152749,0.0003690944894,0.001725412867,0,0.004954173888,0.002234359482,0
0.0003690944894,0.001725412867,0,0.004954173888,0.002234359482,0.01117108071,0
0.001725412867,0,0.004954173888,0.002234359482,0.01117108071,-0.0152039555,0
0,0.004954173888,0.002234359482,0.01117108071,-0.0152039555,0.007221115533,0
0.004954173888,0.002234359482,0.01117108071,-0.0152039555,0.007221115533,0.003999999999,0
0.002234359482,0.01117108071,-0.0152039555,0.007221115533,0.003999999999,-0.0008742350443,0
0.01117108071,-0.0152039555,0.007221115533,0.003999999999,-0.0008742350443,0.005904522618,0
-0.0152039555,0.007221115533,0.003999999999,-0.0008742350443,0.005904522618,0.0155651952,1
0.007221115533,0.003999999999,-0.0008742350443,0.005904522618,0.0155651952,0.004099410708,0
0.003999999999,-0.0008742350443,0.005904522618,0.0155651952,0.004099410708,0.003987138265,0
-0.0008742350443,0.005904522618,0.0155651952,0.004099410708,0.003987138265,-0.01005856889,0
0.005904522618,0.0155651952,0.004099410708,0.003987138265,-0.01005856889,0.008086253369,0
0.0155651952,0.004099410708,0.003987138265,-0.01005856889,0.008086253369,-0.003708439895,1
0.004099410708,0.003987138265,-0.01005856889,0.008086253369,-0.003708439895,-0.002041858095,1
0.003987138265,-0.01005856889,0.008086253369,-0.003708439895,-0.002041858095,-0.003813882527,1
-0.01005856889,0.008086253369,-0.003708439895,-0.002041858095,-0.003813882527,0.008590844979,1
0.008086253369,-0.003708439895,-0.002041858095,-0.003813882527,0.008590844979,0.004119994849,1
-0.003708439895,-0.002041858095,-0.003813882527,0.008590844979,0.004119994849,0.0006441638714,1
-0.002041858095,-0.003813882527,0.008590844979,0.004119994849,0.0006441638714,0.000644579095,1
-0.003813882527,0.008590844979,0.004119994849,0.0006441638714,0.000644579095,-0.001930005153,1
0.008590844979,0.004119994849,0.0006441638714,0.000644579095,-0.001930005153,0,1
0.004119994849,0.0006441638714,0.000644579095,-0.001930005153,0,0.001288327752,1
0.0006441638714,0.000644579095,-0.001930005153,0,0.001288327752,0.004659590998,1
0.000644579095,-0.001930005153,0,0.001288327752,0.004659590998,-0.002968124923,1
-0.001930005153,0,0.001288327752,0.004659590998,-0.002968124923,0.007410296409,1
0,0.001288327752,0.004659590998,-0.002968124923,0.007410296409,0.002606882172,1
0.001288327752,0.004659590998,-0.002968124923,0.007410296409,0.002606882172,-0.0003908794801,1
0.004659590998,-0.002968124923,0.007410296409,0.002606882172,-0.0003908794801,0.00195822454,1
-0.002968124923,0.007410296409,0.002606882172,-0.0003908794801,0.00195822454,0.02256040583,1
0.007410296409,0.002606882172,-0.0003908794801,0.00195822454,0.02256040583,-0.0006670224173,1
0.002606882172,-0.0003908794801,0.00195822454,0.02256040583,-0.0006670224173,0.0153054314,1
-0.0003908794801,0.00195822454,0.02256040583,-0.0006670224173,0.0153054314,-0.008727175085,1
0.00195822454,0.02256040583,-0.0006670224173,0.0153054314,-0.008727175085,0.0001342822586,1
0.02256040583,-0.0006670224173,0.0153054314,-0.008727175085,0.0001342822586,0.003098060349,1
-0.0006670224173,0.0153054314,-0.008727175085,0.0001342822586,0.003098060349,-0.000134680132,1
0.0153054314,-0.008727175085,0.0001342822586,0.003098060349,-0.000134680132,0.01158038147,1
-0.008727175085,0.0001342822586,0.003098060349,-0.000134680132,0.01158038147,0.01958605362,1
0.0001342822586,0.003098060349,-0.000134680132,0.01158038147,0.01958605362,0.009819048955,1
0.003098060349,-0.000134680132,0.01158038147,0.01958605362,0.009819048955,0.006920903955,1
-0.000134680132,0.01158038147,0.01958605362,0.009819048955,0.006920903955,0.01157308187,1
0.01158038147,0.01958605362,0.009819048955,0.006920903955,0.01157308187,-0.005541346975,1
0.01958605362,0.009819048955,0.006920903955,0.01157308187,-0.005541346975,-0.0102657854,1
0.009819048955,0.006920903955,0.01157308187,-0.005541346975,-0.0102657854,-0.01523334718,1
0.006920903955,0.01157308187,-0.005541346975,-0.0102657854,-0.01523334718,0.007534533273,1
0.01157308187,-0.005541346975,-0.0102657854,-0.01523334718,0.007534533273,-0.002505219205,1
-0.005541346975,-0.0102657854,-0.01523334718,0.007534533273,-0.002505219205,-0.01264257249,1
-0.0102657854,-0.01523334718,0.007534533273,-0.002505219205,-0.01264257249,-0.009257998644,1
-0.01523334718,0.007534533273,-0.002505219205,-0.01264257249,-0.009257998644,-0.01475519785,1
0.007534533273,-0.002505219205,-0.01264257249,-0.009257998644,-0.01475519785,0.001208702663,1
-0.002505219205,-0.01264257249,-0.009257998644,-0.01475519785,0.001208702663,0.01140994295,1
-0.01264257249,-0.009257998644,-0.01475519785,0.001208702663,0.01140994295,-0.0056726094,1
-0.009257998644,-0.01475519785,0.001208702663,0.01140994295,-0.0056726094,-0.007905667963,1
-0.01475519785,0.001208702663,0.01140994295,-0.0056726094,-0.007905667963,0.003900995424,1
0.001208702663,0.01140994295,-0.0056726094,-0.007905667963,0.003900995424,0.005953991885,1
0.01140994295,-0.0056726094,-0.007905667963,0.003900995424,0.005953991885,0.00640065368,1
-0.0056726094,-0.007905667963,0.003900995424,0.005953991885,0.00640065368,0.01199007718,1
-0.007905667963,0.003900995424,0.005953991885,0.00640065368,0.01199007718,-0.001101321583,1
0.003900995424,0.005953991885,0.00640065368,0.01199007718,-0.001101321583,0.007769145394,1
0.005953991885,0.00640065368,0.01199007718,-0.001101321583,0.007769145394,-0.01449275363,1
0.00640065368,0.01199007718,-0.001101321583,0.007769145394,-0.01449275363,-0.001638001634,1
0.01199007718,-0.001101321583,0.007769145394,-0.01449275363,-0.001638001634,-0.002586793743,1
-0.001101321583,0.007769145394,-0.01449275363,-0.001638001634,-0.002586793743,0.006578045775,1
-0.001549586777,0.008858780615,-0.001560874089,-0.01029866117,-0.00512295082,0.007743933918,0
0.008858780615,-0.001560874089,-0.01029866117,-0.00512295082,0.007743933918,0,0
-0.001560874089,-0.01029866117,-0.00512295082,0.007743933918,0,-0.008192524322,0
-0.01029866117,-0.00512295082,0.007743933918,0,-0.008192524322,0.00462962963,0
-0.00512295082,0.007743933918,0,-0.008192524322,0.00462962963,0.008298755187,0
0.007743933918,0,-0.008192524322,0.00462962963,0.008298755187,-0.00310237849,0
0,-0.008192524322,0.00462962963,0.008298755187,-0.00310237849,0.003112033195,0
-0.008192524322,0.00462962963,0.008298755187,-0.00310237849,0.003112033195,0,0
0.00462962963,0.008298755187,-0.00310237849,0.003112033195,0,0,0
0.008298755187,-0.00310237849,0.003112033195,0,0,0,0
-0.00310237849,0.003112033195,0,0,0,-0.002070393375,0
0.003112033195,0,0,0,-0.002070393375,0.007824726135,0
0,0,0,-0.002070393375,0.007824726135,0.01160949868,0
0,0,-0.002070393375,0.007824726135,0.01160949868,-0.0005274261603,0
0,-0.002070393375,0.007824726135,0.01160949868,-0.0005274261603,0,0
-0.002070393375,0.007824726135,0.01160949868,-0.0005274261603,0,-0.00105374078,0
0.007824726135,0.01160949868,-0.0005274261603,0,-0.00105374078,-0.01402597403,0
0.01160949868,-0.0005274261603,0,-0.00105374078,-0.01402597403,0,0
-0.0005274261603,0,-0.00105374078,-0.01402597403,0,-0.003623188406,0
0,-0.00105374078,-0.01402597403,0,-0.003623188406,0.01098901099,0
-0.00105374078,-0.01402597403,0,-0.003623188406,0.01098901099,-0.01240310078,0
-0.01402597403,0,-0.003623188406,0.01098901099,-0.01240310078,-0.005652620761,0
0,-0.003623188406,0.01098901099,-0.01240310078,-0.005652620761,0.01671891327,0
-0.003623188406,0.01098901099,-0.01240310078,-0.005652620761,0.01671891327,0.00525210084,0
0.01098901099,-0.01240310078,-0.005652620761,0.01671891327,0.00525210084,0.01763762694,0
-0.01240310078,-0.005652620761,0.01671891327,0.00525210084,0.01763762694,-0.01629863302,0
-0.005652620761,0.01671891327,0.00525210084,0.01763762694,-0.01629863302,-0.002621919245,0
0.01671891327,0.00525210084,0.01763762694,-0.01629863302,-0.002621919245,0.003156233561,0
0.00525210084,0.01763762694,-0.01629863302,-0.002621919245,0.003156233561,-0.02662570405,0
0.01763762694,-0.01629863302,-0.002621919245,0.003156233561,-0.02662570405,0.00462962963,0
-0.01629863302,-0.002621919245,0.003156233561,-0.02662570405,0.00462962963,-0.007656967841,0
-0.002621919245,0.003156233561,-0.02662570405,0.00462962963,-0.007656967841,0.001533742331,0
0.003156233561,-0.02662570405,0.00462962963,-0.007656967841,0.001533742331,0.002562788314,0
-0.02662570405,0.00462962963,-0.007656967841,0.001533742331,0.002562788314,0.002054442732,0
0.00462962963,-0.007656967841,0.001533742331,0.002562788314,0.002054442732,0.006201550388,0
-0.007656967841,0.001533742331,0.002562788314,0.002054442732,0.006201550388,0,0
0.001533742331,0.002562788314,0.002054442732,0.006201550388,0,0,0
0.002562788314,0.002054442732,0.006201550388,0,0,0.00624024961,0
0.002054442732,0.006201550388,0,0,0.00624024961,0.003653444676,0
0.006201550388,0,0,0.00624024961,0.003653444676,0.001568217459,0
0,0,0.00624024961,0.003653444676,0.001568217459,0.01109936575,0
0,0.00624024961,0.003653444676,0.001568217459,0.01109936575,-0.006824146982,0
0.00624024961,0.003653444676,0.001568217459,0.01109936575,-0.006824146982,-0.0005246589717,0
0.003653444676,0.001568217459,0.01109936575,-0.006824146982,-0.0005246589717,-0.01192327631,0
0.001568217459,0.01109936575,-0.006824146982,-0.0005246589717,-0.01192327631,0.007310704961,0
0.01109936575,-0.006824146982,-0.0005246589717,-0.01192327631,0.007310704961,0.005777310924,0
-0.006824146982,-0.0005246589717,-0.01192327631,0.007310704961,0.005777310924,-0.001573151547,0
-0.0005246589717,-0.01192327631,0.007310704961,0.005777310924,-0.001573151547,0.002101944298,0
-0.01192327631,0.007310704961,0.005777310924,-0.001573151547,0.002101944298,0.008479067303,0
0.007310704961,0.005777310924,-0.001573151547,0.002101944298,0.008479067303,-0.003695881732,0
0.005777310924,-0.001573151547,0.002101944298,0.008479067303,-0.003695881732,0.01446170327,0
-0.001573151547,0.002101944298,0.008479067303,-0.003695881732,0.01446170327,0.008643976229,0
0.002101944298,0.008479067303,-0.003695881732,0.01446170327,0.008643976229,-0.004303388919,0
0.008479067303,-0.003695881732,0.01446170327,0.008643976229,-0.004303388919,0.003237992445,0
-0.003695881732,0.01446170327,0.008643976229,-0.004303388919,0.003237992445,0.009809264305,0
0.01446170327,0.008643976229,-0.004303388919,0.003237992445,0.009809264305,0,0
0.008643976229,-0.004303388919,0.003237992445,0.009809264305,0,-0.004880694143,0
-0.004303388919,0.003237992445,0.009809264305,0,-0.004880694143,0.00108577633,0
0.003237992445,0.009809264305,0,-0.004880694143,0.00108577633,0.008210180624,0
0.009809264305,0,-0.004880694143,0.00108577633,0.008210180624,-0.004359673025,0
0,-0.004880694143,0.00108577633,0.008210180624,-0.004359673025,0.01046255507,0
-0.004880694143,0.00108577633,0.008210180624,-0.004359673025,0.01046255507,-0.006564551422,0
0.00108577633,0.008210180624,-0.004359673025,0.01046255507,-0.006564551422,-0.002183406114,0
0.008210180624,-0.004359673025,0.01046255507,-0.006564551422,-0.002183406114,0.01215469613,0
-0.004359673025,0.01046255507,-0.006564551422,-0.002183406114,0.01215469613,0.002770083102,0
0.01046255507,-0.006564551422,-0.002183406114,0.01215469613,0.002770083102,0.007816862088,0
-0.006564551422,-0.002183406114,0.01215469613,0.002770083102,0.007816862088,0.01186440678,0
-0.002183406114,0.01215469613,0.002770083102,0.007816862088,0.01186440678,0.0102739726,0
0.01215469613,0.002770083102,0.007816862088,0.01186440678,0.0102739726,-0.001140250855,0
0.002770083102,0.007816862088,0.01186440678,0.0102739726,-0.001140250855,0.006310958118,0
0.007816862088,0.01186440678,0.0102739726,-0.001140250855,0.006310958118,0.02469135802,0
0.01186440678,0.0102739726,-0.001140250855,0.006310958118,0.02469135802,0.001177163037,1
0.0102739726,-0.001140250855,0.006310958118,0.02469135802,0.001177163037,0,1
-0.001140250855,0.006310958118,0.02469135802,0.001177163037,0,0.004137115839,1
0.006310958118,0.02469135802,0.001177163037,0,0.004137115839,0.001183431953,1
0.02469135802,0.001177163037,0,0.004137115839,0.001183431953,0.007751937984,1
0.001177163037,0,0.004137115839,0.001183431953,0.007751937984,0.02883435583,1
0,0.004137115839,0.001183431953,0.007751937984,0.02883435583,-0.003667481663,1
0.004137115839,0.001183431953,0.007751937984,0.02883435583,-0.003667481663,-0.01682692308,1
0.001183431953,0.007751937984,0.02883435583,-0.003667481663,-0.01682692308,-0.01770956316,1
0.007751937984,0.02883435583,-0.003667481663,-0.01682692308,-0.01770956316,0.00593824228,1
0.02883435583,-0.003667481663,-0.01682692308,-0.01770956316,0.00593824228,-0.004139562389,1
-0.003667481663,-0.01682692308,-0.01770956316,0.00593824228,-0.004139562389,0.01196888091,1
-0.01682692308,-0.01770956316,0.00593824228,-0.004139562389,0.01196888091,-0.01532115498,1
-0.01770956316,0.00593824228,-0.004139562389,0.01196888091,-0.01532115498,-0.002937720329,1
0.00593824228,-0.004139562389,0.01196888091,-0.01532115498,-0.002937720329,-0.01333333333,1
-0.004139562389,0.01196888091,-0.01532115498,-0.002937720329,-0.01333333333,0.002324230099,1
0.01196888091,-0.01532115498,-0.002937720329,-0.01333333333,0.002324230099,0.01056958309,1
-0.01532115498,-0.002937720329,-0.01333333333,0.002324230099,0.01056958309,-0.006417736289,1
-0.002937720329,-0.01333333333,0.002324230099,0.01056958309,-0.006417736289,-0.01494252874,1
-0.01333333333,0.002324230099,0.01056958309,-0.006417736289,-0.01494252874,-0.0005743825388,1
0.002324230099,0.01056958309,-0.006417736289,-0.01494252874,-0.0005743825388,-0.00229226361,1
0.01056958309,-0.006417736289,-0.01494252874,-0.0005743825388,-0.00229226361,0.008670520231,1
-0.006417736289,-0.01494252874,-0.0005743825388,-0.00229226361,0.008670520231,-0.01312036509,1
-0.01494252874,-0.0005743825388,-0.00229226361,0.008670520231,-0.01312036509,-0.005672149745,1
-0.0005743825388,-0.00229226361,0.008670520231,-0.01312036509,-0.005672149745,0.007428571429,1
-0.00229226361,0.008670520231,-0.01312036509,-0.005672149745,0.007428571429,-0.00906002265,1
0.008670520231,-0.01312036509,-0.005672149745,0.007428571429,-0.00906002265,0.000566572238,1
-0.01312036509,-0.005672149745,0.007428571429,-0.00906002265,0.000566572238,-0.00451212634,1
-0.005672149745,0.007428571429,-0.00906002265,0.000566572238,-0.00451212634,-0.005608524958,1
0.007428571429,-0.00906002265,0.000566572238,-0.00451212634,-0.005608524958,0.008484162896,0
-0.00906002265,0.000566572238,-0.00451212634,-0.005608524958,0.008484162896,0.007407407407,1
0.000566572238,-0.00451212634,-0.005608524958,0.008484162896,0.007407407407,-0.01015228426,0
-0.00451212634,-0.005608524958,0.008484162896,0.007407407407,-0.01015228426,0.006814310051,0
-0.005608524958,0.008484162896,0.007407407407,-0.01015228426,0.006814310051,-0.002266288952,0
0.008484162896,0.007407407407,-0.01015228426,0.006814310051,-0.002266288952,0.005125284738,0
0.007407407407,-0.01015228426,0.006814310051,-0.002266288952,0.005125284738,0,0
-0.01015228426,0.006814310051,-0.002266288952,0.005125284738,0,0.001140250855,0
0.006814310051,-0.002266288952,0.005125284738,0,0.001140250855,0.001141552511,0
-0.002266288952,0.005125284738,0,0.001140250855,0.001141552511,-0.01573033708,0
0.005125284738,0,0.001140250855,0.001141552511,-0.01573033708,0,0
0,0.001140250855,0.001141552511,-0.01573033708,0,-0.003359462486,0
0.001140250855,0.001141552511,-0.01573033708,0,-0.003359462486,0.005064715813,0
0.001141552511,-0.01573033708,0,-0.003359462486,0.005064715813,0.01950659782,0
-0.01573033708,0,-0.003359462486,0.005064715813,0.01950659782,-0.01246458924,0
0,-0.003359462486,0.005064715813,0.01950659782,-0.01246458924,-0.005073280722,0
-0.003359462486,0.005064715813,0.01950659782,-0.01246458924,-0.005073280722,-0.008384572387,0
0.005064715813,0.01950659782,-0.01246458924,-0.005073280722,-0.008384572387,0.005621135469,0
0.01950659782,-0.01246458924,-0.005073280722,-0.008384572387,0.005621135469,-0.004476776721,0
-0.01246458924,-0.005073280722,-0.008384572387,0.005621135469,-0.004476776721,-0.001117942985,0
-0.005073280722,-0.008384572387,0.005621135469,-0.004476776721,-0.001117942985,0,0
-0.008384572387,0.005621135469,-0.004476776721,-0.001117942985,0,0.003928170595,0
0.005621135469,-0.004476776721,-0.001117942985,0,0.003928170595,0.005076142132,0
-0.004476776721,-0.001117942985,0,0.003928170595,0.005076142132,0.0005643340858,0
-0.001117942985,0,0.003928170595,0.005076142132,0.0005643340858,0.005675368899,0
0,0.003928170595,0.005076142132,0.0005643340858,0.005675368899,0.01148105626,0
0.003928170595,0.005076142132,0.0005643340858,0.005675368899,0.01148105626,0,0
0.005076142132,0.0005643340858,0.005675368899,0.01148105626,0,-0.02079820124,0
0.0005643340858,0.005675368899,0.01148105626,0,-0.02079820124,-0.0005617977528,0
0.005675368899,0.01148105626,0,-0.02079820124,-0.0005617977528,0.002816901408,0
0.01148105626,0,-0.02079820124,-0.0005617977528,0.002816901408,-0.005602240896,0
0,-0.02079820124,-0.0005617977528,0.002816901408,-0.005602240896,-0.001677852349,0
-0.02079820124,-0.0005617977528,0.002816901408,-0.005602240896,-0.001677852349,0.001680672269,0
-0.0005617977528,0.002816901408,-0.005602240896,-0.001677852349,0.001680672269,0.006200676437,0
0.002816901408,-0.005602240896,-0.001677852349,0.001680672269,0.006200676437,0.0005640157924,0
-0.005602240896,-0.001677852349,0.001680672269,0.006200676437,0.0005640157924,-0.00393258427,0
-0.001677852349,0.001680672269,0.006200676437,0.0005640157924,-0.00393258427,0.006787330317,0
0.001680672269,0.006200676437,0.0005640157924,-0.00393258427,0.006787330317,0.006260671599,0
0.006200676437,0.0005640157924,-0.00393258427,0.006787330317,0.006260671599,0,0
0.0005640157924,-0.00393258427,0.006787330317,0.006260671599,0,0.001710376283,0
-0.00393258427,0.006787330317,0.006260671599,0,0.001710376283,-0.006795016988,0
0.006787330317,0.006260671599,0,0.001710376283,-0.006795016988,-0.001695873375,0
0.006260671599,0,0.001710376283,-0.006795016988,-0.001695873375,-0.00338028169,0
0,0.001710376283,-0.006795016988,-0.001695873375,-0.00338028169,0,0
0.001710376283,-0.006795016988,-0.001695873375,-0.00338028169,0,0,0
-0.006795016988,-0.001695873375,-0.00338028169,0,0,0.002824858757,0
-0.001695873375,-0.00338028169,0,0,0.002824858757,0.004540295119,0
-0.00338028169,0,0,0.002824858757,0.004540295119,0.006857142857,0
0,0,0.002824858757,0.004540295119,0.006857142857,0.008645533141,0
0,0.002824858757,0.004540295119,0.006857142857,0.008645533141,0.008134805346,0
0.002824858757,0.004540295119,0.006857142857,0.008645533141,0.008134805346,-0.01148765078,0
0.004540295119,0.006857142857,0.008645533141,0.008134805346,-0.01148765078,-0.002863688431,0
0.006857142857,0.008645533141,0.008134805346,-0.01148765078,-0.002863688431,-0.00114416476,0
0.008645533141,0.008134805346,-0.01148765078,-0.002863688431,-0.00114416476,-0.02127659574,0
0.008134805346,-0.01148765078,-0.002863688431,-0.00114416476,-0.02127659574,0.001682557487,0
-0.01148765078,-0.002863688431,-0.00114416476,-0.02127659574,0.001682557487,0.006775832863,0
-0.002863688431,-0.00114416476,-0.02127659574,0.001682557487,0.006775832863,-0.0005643340858,0
-0.00114416476,-0.02127659574,0.001682557487,0.006775832863,-0.0005643340858,-0.003374578178,0
-0.02127659574,0.001682557487,0.006775832863,-0.0005643340858,-0.003374578178,0.001690140845,0
0.001682557487,0.006775832863,-0.0005643340858,-0.003374578178,0.001690140845,0.001128031585,0
0.006775832863,-0.0005643340858,-0.003374578178,0.001690140845,0.001128031585,0.003395585739,0
-0.0005643340858,-0.003374578178,0.001690140845,0.001128031585,0.003395585739,0.002268859898,0
-0.003374578178,0.001690140845,0.001128031585,0.003395585739,0.002268859898,-0.005079006772,0
0.001690140845,0.001128031585,0.003395585739,0.002268859898,-0.005079006772,0,0
0.001128031585,0.003395585739,0.002268859898,-0.005079006772,0,0.00510493477,0
0.003395585739,0.002268859898,-0.005079006772,0,0.00510493477,0.007428571429,0
0.002268859898,-0.005079006772,0,0.00510493477,0.007428571429,0.008645533141,0
-0.005079006772,0,0.00510493477,0.007428571429,0.008645533141,0.01580796253,0
0,0.00510493477,0.007428571429,0.008645533141,0.01580796253,0.01005322295,0
0.00510493477,0.007428571429,0.008645533141,0.01580796253,0.01005322295,-0.01571594878,0
0.007428571429,0.008645533141,0.01580796253,0.01005322295,-0.01571594878,0.004091174752,0
0.008645533141,0.01580796253,0.01005322295,-0.01571594878,0.004091174752,-0.008690614137,0
0.01580796253,0.01005322295,-0.01571594878,0.004091174752,-0.008690614137,-0.008615738082,0
0.01005322295,-0.01571594878,0.004091174752,-0.008690614137,-0.008615738082,-0.0005740528129,0
-0.01571594878,0.004091174752,-0.008690614137,-0.008615738082,-0.0005740528129,-0.01637492942,0
0.004091174752,-0.008690614137,-0.008615738082,-0.0005740528129,-0.01637492942,0.0005649717514,0
-0.008690614137,-0.008615738082,-0.0005740528129,-0.01637492942,0.0005649717514,0.002265005663,0
-0.008615738082,-0.0005740528129,-0.01637492942,0.0005649717514,0.002265005663,0.01552616446,0
-0.0005740528129,-0.01637492942,0.0005649717514,0.002265005663,0.01552616446,0.001151410478,0
-0.01637492942,0.0005649717514,0.002265005663,0.01552616446,0.001151410478,-0.01138303927,0
0.0005649717514,0.002265005663,0.01552616446,0.001151410478,-0.01138303927,0.004,0
0.002265005663,0.01552616446,0.001151410478,-0.01138303927,0.004,-0.01185770751,0
0.01552616446,0.001151410478,-0.01138303927,0.004,-0.01185770751,0.001696832579,0
0.001151410478,-0.01138303927,0.004,-0.01185770751,0.001696832579,0.002836074872,0
-0.01138303927,0.004,-0.01185770751,0.001696832579,0.002836074872,-0.01010668164,0
0.004,-0.01185770751,0.001696832579,0.002836074872,-0.01010668164,0,0
-0.01185770751,0.001696832579,0.002836074872,-0.01010668164,0,0.002250984806,0
0.001696832579,0.002836074872,-0.01010668164,0,0.002250984806,0.01253561254,0
0.002836074872,-0.01010668164,0,0.002250984806,0.01253561254,0.008041355543,0
-0.01010668164,0,0.002250984806,0.01253561254,0.008041355543,0.00577700751,0
0,0.002250984806,0.01253561254,0.008041355543,0.00577700751,-0.005172413793,0
0.002250984806,0.01253561254,0.008041355543,0.00577700751,-0.005172413793,0,0
0.01253561254,0.008041355543,0.00577700751,-0.005172413793,0,0.01045296167,0
0.008041355543,0.00577700751,-0.005172413793,0,0.01045296167,0.005253940455,0
0.00577700751,-0.005172413793,0,0.01045296167,0.005253940455,-0.006380510441,0
-0.005172413793,0,0.01045296167,0.005253940455,-0.006380510441,0.004076878276,0
0,0.01045296167,0.005253940455,-0.006380510441,0.004076878276,-0.001163467132,0
0.01045296167,0.005253940455,-0.006380510441,0.004076878276,-0.001163467132,0.01535735381,0
0.005253940455,-0.006380510441,0.004076878276,-0.001163467132,0.01535735381,-0.02701149425,0
-0.006380510441,0.004076878276,-0.001163467132,0.01535735381,-0.02701149425,-0.002865329513,0
0.004076878276,-0.001163467132,0.01535735381,-0.02701149425,-0.002865329513,0.005763688761,0
-0.001163467132,0.01535735381,-0.02701149425,-0.002865329513,0.005763688761,-0.003446295233,0
0.01535735381,-0.02701149425,-0.002865329513,0.005763688761,-0.003446295233,0.003458213256,0
-0.02701149425,-0.002865329513,0.005763688761,-0.003446295233,0.003458213256,0.0005767012687,0
-0.002865329513,0.005763688761,-0.003446295233,0.003458213256,0.0005767012687,0.000577034045,0
0.005763688761,-0.003446295233,0.003458213256,0.0005767012687,0.000577034045,0.003474232774,0
-0.003446295233,0.003458213256,0.0005767012687,0.000577034045,0.003474232774,0.004069767442,0
0.003458213256,0.0005767012687,0.000577034045,0.003474232774,0.004069767442,0.002331002331,0
0.0005767012687,0.000577034045,0.003474232774,0.004069767442,0.002331002331,0.006451612903,0
0.000577034045,0.003474232774,0.004069767442,0.002331002331,0.006451612903,-0.005250875146,0
0.003474232774,0.004069767442,0.002331002331,0.006451612903,-0.005250875146,-0.00290866783,0
0.004069767442,0.002331002331,0.006451612903,-0.005250875146,-0.00290866783,-0.005208333333,0
0.002331002331,0.006451612903,-0.005250875146,-0.00290866783,-0.005208333333,0.004067402673,0
0.006451612903,-0.005250875146,-0.00290866783,-0.005208333333,0.004067402673,0.005257009346,0
-0.005250875146,-0.00290866783,-0.005208333333,0.004067402673,0.005257009346,0.004694835681,0
-0.00290866783,-0.005208333333,0.004067402673,0.005257009346,0.004694835681,-0.001172332943,0
-0.005208333333,0.004067402673,0.005257009346,0.004694835681,-0.001172332943,-0.001170960187,0
0.004067402673,0.005257009346,0.004694835681,-0.001172332943,-0.001170960187,0.004705882353,0
0.005257009346,0.004694835681,-0.001172332943,-0.001170960187,0.004705882353,0,0
0.004694835681,-0.001172332943,-0.001170960187,0.004705882353,0,0.008303677343,0
-0.001172332943,-0.001170960187,0.004705882353,0,0.008303677343,0.002974419988,0
-0.001170960187,0.004705882353,0,0.008303677343,0.002974419988,0.002983293556,0
0.004705882353,0,0.008303677343,0.002974419988,0.002983293556,0.001793185894,0
0,0.008303677343,0.002974419988,0.002983293556,0.001793185894,-0.002979737783,0
0.008303677343,0.002974419988,0.002983293556,0.001793185894,-0.002979737783,0.008413461538,0
0.002974419988,0.002983293556,0.001793185894,-0.002979737783,0.008413461538,0.005438066465,0
0.002983293556,0.001793185894,-0.002979737783,0.008413461538,0.005438066465,0,0
0.001793185894,-0.002979737783,0.008413461538,0.005438066465,0,-0.007198560288,0
-0.002979737783,0.008413461538,0.005438066465,0,-0.007198560288,-0.005963029219,0
0.008413461538,0.005438066465,0,-0.007198560288,-0.005963029219,0.002990430622,0
0.005438066465,0,-0.007198560288,-0.005963029219,0.002990430622,0.002398081535,0
0,-0.007198560288,-0.005963029219,0.002990430622,0.002398081535,0.004214328718,0
-0.007198560288,-0.005963029219,0.002990430622,0.002398081535,0.004214328718,-0.004196642686,0
-0.005963029219,0.002990430622,0.002398081535,0.004214328718,-0.004196642686,0.01521606817,0
0.002990430622,0.002398081535,0.004214328718,-0.004196642686,0.01521606817,-0.00363856883,0
0.002398081535,0.004214328718,-0.004196642686,0.01521606817,-0.00363856883,-0.00241984271,0
0.004214328718,-0.004196642686,0.01521606817,-0.00363856883,-0.00241984271,-0.006013229104,0
-0.004196642686,0.01521606817,-0.00363856883,-0.00241984271,-0.006013229104,0,0
0.01521606817,-0.00363856883,-0.00241984271,-0.006013229104,0,-0.002698650675,0
-0.00363856883,-0.00241984271,-0.006013229104,0,-0.002698650675,0.000399960006,0
-0.00241984271,-0.006013229104,0,-0.002698650675,0.000399960006,0.003209950846,0
-0.006013229104,0,-0.002698650675,0.000399960006,0.003209950846,0.01136248352,0
0,-0.002698650675,0.000399960006,0.003209950846,0.01136248352,-0.002327935227,0
-0.002698650675,0.000399960006,0.003209950846,0.01136248352,-0.002327935227,0.00785473835,0
0.000399960006,0.003209950846,0.01136248352,-0.002327935227,0.00785473835,-0.0008154112771,0
0.003209950846,0.01136248352,-0.002327935227,0.00785473835,-0.0008154112771,0.007289527725,0
0.01136248352,-0.002327935227,0.00785473835,-0.0008154112771,0.007289527725,-0.004802288754,0
-0.002327935227,0.00785473835,-0.0008154112771,0.007289527725,-0.004802288754,0.01482787226,0
0.00785473835,-0.0008154112771,0.007289527725,-0.004802288754,0.01482787226,-0.0160187736,0
-0.0008154112771,0.007289527725,-0.004802288754,0.01482787226,-0.0160187736,-0.003558357054,0
0.007289527725,-0.004802288754,0.01482787226,-0.0160187736,-0.003558357054,-0.001319930959,0
-0.004802288754,0.01482787226,-0.0160187736,-0.003558357054,-0.001319930959,-0.002935816965,0
0.01482787226,-0.0160187736,-0.003558357054,-0.001319930959,-0.002935816965,0.0002025111361,0
-0.0160187736,-0.003558357054,-0.001319930959,-0.002935816965,0.0002025111361,0.003964623361,0
-0.003558357054,-0.001319930959,-0.002935816965,0.0002025111361,0.003964623361,0.0007121058006,0
-0.001319930959,-0.002935816965,0.0002025111361,0.003964623361,0.0007121058006,0.007895006663,0
-0.002935816965,0.0002025111361,0.003964623361,0.0007121058006,0.007895006663,0.0006155740228,0
0.0002025111361,0.003964623361,0.0007121058006,0.007895006663,0.0006155740228,0.001438405423,0
0.003964623361,0.0007121058006,0.007895006663,0.0006155740228,0.001438405423,0,0
0.0007121058006,0.007895006663,0.0006155740228,0.001438405423,0,0.005371345937,0
0.007895006663,0.0006155740228,0.001438405423,0,0.005371345937,0.003212435235,0
0.0006155740228,0.001438405423,0,0.005371345937,0.003212435235,-0.003922378204,0
0.001438405423,0,0.005371345937,0.003212435235,-0.003922378204,0.001447178007,0
0,0.005371345937,0.003212435235,-0.003922378204,0.001447178007,-0.003296929738,0
0.005371345937,0.003212435235,-0.003922378204,0.001447178007,-0.003296929738,0.002893159746,0
0.003212435235,-0.003922378204,0.001447178007,-0.003296929738,0.002893159746,0.006029106031,0
-0.003922378204,0.001447178007,-0.003296929738,0.002893159746,0.006029106031,-0.0007271216391,0
0.001447178007,-0.003296929738,0.002893159746,0.006029106031,-0.0007271216391,0,0
-0.003296929738,0.002893159746,0.006029106031,-0.0007271216391,0,-0.007832629086,0
0.002893159746,0.006029106031,-0.0007271216391,0,-0.007832629086,0.008523022557,0
0.006029106031,-0.0007271216391,0,-0.007832629086,0.008523022557,0.004804177548,0
-0.0007271216391,0,-0.007832629086,0.008523022557,0.004804177548,-0.001147506785,0
0,-0.007832629086,0.008523022557,0.004804177548,-0.001147506785,0.005243288595,0
-0.007832629086,0.008523022557,0.004804177548,-0.001147506785,0.005243288595,0.005270925572,0
0.008523022557,0.004804177548,-0.001147506785,0.005243288595,0.005270925572,0.008076514349,0
0.004804177548,-0.001147506785,0.005243288595,0.005270925572,0.008076514349,0,0
-0.001147506785,0.005243288595,0.005270925572,0.008076514349,0,0.01117558564,0
0.005243288595,0.005270925572,0.008076514349,0,0.01117558564,0.009546539382,0
0.005270925572,0.008076514349,0,0.01117558564,0.009546539382,0,0
0.008076514349,0,0.01117558564,0.009546539382,0,-0.002056944898,0
0,0.01117558564,0.009546539382,0,-0.002056944898,-0.0003246753247,0
0.01117558564,0.009546539382,0,-0.002056944898,-0.0003246753247,-0.008264462808,0
0.009546539382,0,-0.002056944898,-0.0003246753247,-0.008264462808,0.009535160901,0
0,-0.002056944898,-0.0003246753247,-0.008264462808,0.009535160901,-0.01114325511,1
-0.002056944898,-0.0003246753247,-0.008264462808,0.009535160901,-0.01114325511,0.003764250374,1
-0.0003246753247,-0.008264462808,0.009535160901,-0.01114325511,0.003764250374,-0.002681540272,1
-0.008264462808,0.009535160901,-0.01114325511,0.003764250374,-0.002681540272,0.005500431406,0
0.009535160901,-0.01114325511,0.003764250374,-0.002681540272,0.005500431406,0.0009716074706,0
-0.01114325511,0.003764250374,-0.002681540272,0.005500431406,0.0009716074706,0.01047234646,0
0.003764250374,-0.002681540272,0.005500431406,0.0009716074706,0.01047234646,-0.005208898535,0
-0.002681540272,0.005500431406,0.0009716074706,0.01047234646,-0.005208898535,0.0001085304927,0
0.005500431406,0.0009716074706,0.01047234646,-0.005208898535,0.0001085304927,0.005785394612,0
0.0009716074706,0.01047234646,-0.005208898535,0.0001085304927,0.005785394612,0.004275378207,0
0.01047234646,-0.005208898535,0.0001085304927,0.005785394612,0.004275378207,0,0
-0.005208898535,0.0001085304927,0.005785394612,0.004275378207,0,0.003962139555,1
0.0001085304927,0.005785394612,0.004275378207,0,0.003962139555,-0.005472854645,0
0.005785394612,0.004275378207,0,0.003962139555,-0.005472854645,0,0
0.004275378207,0,0.003962139555,-0.005472854645,0,0.02044007595,1
0,0.003962139555,-0.005472854645,0,0.02044007595,-0.006546826451,1
0.003962139555,-0.005472854645,0,0.02044007595,-0.006546826451,-0.0004436557254,1
-0.005472854645,0,0.02044007595,-0.006546826451,-0.0004436557254,-0.01615015277,1
0,0.02044007595,-0.006546826451,-0.0004436557254,-0.01615015277,-0.003804761391,1
0.02044007595,-0.006546826451,-0.0004436557254,-0.01615015277,-0.003804761391,0.0009793253536,1
-0.006546826451,-0.0004436557254,-0.01615015277,-0.003804761391,0.0009793253536,0.007123287676,1
-0.0004436557254,-0.01615015277,-0.003804761391,0.0009793253536,0.007123287676,0.004402861856,1
-0.01615015277,-0.003804761391,0.0009793253536,0.007123287676,0.004402861856,0.001101928377,1
-0.003804761391,0.0009793253536,0.007123287676,0.004402861856,0.001101928377,0.007214206435,0
0.0009793253536,0.007123287676,0.004402861856,0.001101928377,0.007214206435,0.03266475645,0
0.007123287676,0.004402861856,0.001101928377,0.007214206435,0.03266475645,-0.0004582426349,0
0.004402861856,0.001101928377,0.007214206435,0.03266475645,-0.0004582426349,0.005761032375,0
0.001101928377,0.007214206435,0.03266475645,-0.0004582426349,0.005761032375,0.00439763916,1
0.007214206435,0.03266475645,-0.0004582426349,0.005761032375,0.00439763916,-0.00769407441,1
0.03266475645,-0.0004582426349,0.005761032375,0.00439763916,-0.00769407441,-0.006389776362,1
-0.0004582426349,0.005761032375,0.00439763916,-0.00769407441,-0.006389776362,0.01482167671,1
0.005761032375,0.00439763916,-0.00769407441,-0.006389776362,0.01482167671,0.006292239571,1
0.00439763916,-0.00769407441,-0.006389776362,0.01482167671,0.006292239571,0.001517096506,1
-0.00769407441,-0.006389776362,0.01482167671,0.006292239571,0.001517096506,0.005869233483,1
-0.006389776362,0.01482167671,0.006292239571,0.001517096506,0.005869233483,0.0005872680268,1
0.01482167671,0.006292239571,0.001517096506,0.005869233483,0.0005872680268,0.007335541881,1
0.006292239571,0.001517096506,0.005869233483,0.0005872680268,0.007335541881,0.02028005794,1
0.001517096506,0.005869233483,0.0005872680268,0.007335541881,0.02028005794,0.01669121257,1
0.005869233483,0.0005872680268,0.007335541881,0.02028005794,0.01669121257,0.02516356316,1
0.0005872680268,0.007335541881,0.02028005794,0.01669121257,0.02516356316,0,1
0.007335541881,0.02028005794,0.01669121257,0.02516356316,0,-0.02346725642,1
0.02028005794,0.01669121257,0.02516356316,0,-0.02346725642,0.001353346454,1
0.01669121257,0.02516356316,0,-0.02346725642,0.001353346454,-0.02237190281,1
0.02516356316,0,-0.02346725642,0.001353346454,-0.02237190281,-0.001681075886,1
0,-0.02346725642,0.001353346454,-0.02237190281,-0.001681075886,0.007988380537,1
-0.02346725642,0.001353346454,-0.02237190281,-0.001681075886,0.007988380537,0.01811460259,1
0.001353346454,-0.02237190281,-0.001681075886,0.007988380537,0.01811460259,-0.03450327186,1
-0.02237190281,-0.001681075886,0.007988380537,0.01811460259,-0.03450327186,0.09511400651,1
-0.001681075886,0.007988380537,0.01811460259,-0.03450327186,0.09511400651,-0.01564704373,1
0.007988380537,0.01811460259,-0.03450327186,0.09511400651,-0.01564704373,-0.002303262956,1
0.01811460259,-0.03450327186,0.09511400651,-0.01564704373,-0.002303262956,-0.059566787,1
-0.03450327186,0.09511400651,-0.01564704373,-0.002303262956,-0.059566787,-0.048327989,1
0.09511400651,-0.01564704373,-0.002303262956,-0.059566787,-0.048327989,0.006686649753,1
-0.01564704373,-0.002303262956,-0.059566787,-0.048327989,0.006686649753,0.00381900243,1
-0.002303262956,-0.059566787,-0.048327989,0.006686649753,0.00381900243,0.005702979518,1
-0.059566787,-0.048327989,0.006686649753,0.00381900243,0.005702979518,-0.0197375927,1
-0.048327989,0.006686649753,0.00381900243,0.005702979518,-0.0197375927,-0.003297702984,1
0.006686649753,0.00381900243,0.005702979518,-0.0197375927,-0.003297702984,-0.01124353496,1
0.00381900243,0.005702979518,-0.0197375927,-0.003297702984,-0.01124353496,0.001689379435,1
0.005702979518,-0.0197375927,-0.003297702984,-0.01124353496,0.001689379435,0.01765042979,1
-0.0197375927,-0.003297702984,-0.01124353496,0.001689379435,0.01765042979,0.0008029364556,1
-0.003297702984,-0.01124353496,0.001689379435,0.01765042979,0.0008029364556,-0.00206043956,1
-0.01124353496,0.001689379435,0.01765042979,0.0008029364556,-0.00206043956,0.01087711178,1
0.001689379435,0.01765042979,0.0008029364556,-0.00206043956,0.01087711178,-0.01064682313,0
0.01765042979,0.0008029364556,-0.00206043956,0.01087711178,-0.01064682313,0.00645235626,0
0.0008029364556,-0.00206043956,0.01087711178,-0.01064682313,0.00645235626,0.02141932447,1
-0.00206043956,0.01087711178,-0.01064682313,0.00645235626,0.02141932447,-0.01381151346,1
0.01087711178,-0.01064682313,0.00645235626,0.02141932447,-0.01381151346,0.005015747115,1
-0.01064682313,0.00645235626,0.02141932447,-0.01381151346,0.005015747115,-0.007639773122,1
0.00645235626,0.02141932447,-0.01381151346,0.005015747115,-0.007639773122,-0.02681085953,1
0.02141932447,-0.01381151346,0.005015747115,-0.007639773122,-0.02681085953,0.005664438652,1
-0.01381151346,0.005015747115,-0.007639773122,-0.02681085953,0.005664438652,-0.01769419096,1
0.005015747115,-0.007639773122,-0.02681085953,0.005664438652,-0.01769419096,0.01113986722,1
-0.007639773122,-0.02681085953,0.005664438652,-0.01769419096,0.01113986722,-0.01222629765,1
-0.02681085953,0.005664438652,-0.01769419096,0.01113986722,-0.01222629765,-0.0174729715,1
0.005664438652,-0.01769419096,0.01113986722,-0.01222629765,-0.0174729715,0.01597692222,0
-0.01769419096,0.01113986722,-0.01222629765,-0.0174729715,0.01597692222,-0.01583315134,0
0.01113986722,-0.01222629765,-0.0174729715,0.01597692222,-0.01583315134,0.0001092060675,0
-0.01222629765,-0.0174729715,0.01597692222,-0.01583315134,0.0001092060675,-0.004673913039,0
-0.0174729715,0.01597692222,-0.01583315134,0.0001092060675,-0.004673913039,-0.004867495944,0
0.01597692222,-0.01583315134,0.0001092060675,-0.004673913039,-0.004867495944,-0.017116734,0
-0.01583315134,0.0001092060675,-0.004673913039,-0.004867495944,-0.017116734,-0.004129168872,0
0.0001092060675,-0.004673913039,-0.004867495944,-0.017116734,-0.004129168872,0.002334712939,0
-0.004673913039,-0.004867495944,-0.017116734,-0.004129168872,0.002334712939,0,0
-0.004867495944,-0.017116734,-0.004129168872,0.002334712939,0,0.002660140458,0
-0.017116734,-0.004129168872,0.002334712939,0,0.002660140458,0.0001064169373,0
-0.004129168872,0.002334712939,0,0.002660140458,0.0001064169373,0.01043010753,0
0.002334712939,0,0.002660140458,0.0001064169373,0.01043010753,-0.002574002574,0
0,0.002660140458,0.0001064169373,0.01043010753,-0.002574002574,0.0003218538783,0
0.002660140458,0.0001064169373,0.01043010753,-0.002574002574,0.0003218538783,0.006913686942,0
0.0001064169373,0.01043010753,-0.002574002574,0.0003218538783,0.006913686942,-0.00941680043,0
0.01043010753,-0.002574002574,0.0003218538783,0.006913686942,-0.00941680043,0.00365159489,0
-0.002574002574,0.0003218538783,0.006913686942,-0.00941680043,0.00365159489,0.003881401617,0
0.0003218538783,0.006913686942,-0.00941680043,0.00365159489,0.003881401617,0.00727628149,0
0.006913686942,-0.00941680043,0.00365159489,0.003881401617,0.00727628149,-0.007544729463,0
-0.00941680043,0.00365159489,0.003881401617,0.00727628149,-0.007544729463,-0.005040214481,0
0.00365159489,0.003881401617,0.00727628149,-0.007544729463,-0.005040214481,0.005282449334,0
0.003881401617,0.00727628149,-0.007544729463,-0.005040214481,0.005282449334,-0.004614228997,0
0.00727628149,-0.007544729463,-0.005040214481,0.005282449334,-0.004614228997,0.009205111546,0
-0.007544729463,-0.005040214481,0.005282449334,-0.004614228997,0.009205111546,-0.01461957101,0
-0.005040214481,0.005282449334,-0.004614228997,0.009205111546,-0.01461957101,-0.002766840485,0
0.005282449334,-0.004614228997,0.009205111546,-0.01461957101,-0.002766840485,0.005349309943,0
-0.004614228997,0.009205111546,-0.01461957101,-0.002766840485,0.005349309943,0.006135629709,0
0.009205111546,-0.01461957101,-0.002766840485,0.005349309943,0.006135629709,0,0
-0.01461957101,-0.002766840485,0.005349309943,0.006135629709,0,0.008795743295,0
-0.002766840485,0.005349309943,0.006135629709,0,0.008795743295,0.009980258824,0
0.005349309943,0.006135629709,0,0.008795743295,0.009980258824,-0.002079457148,0
0.006135629709,0,0.008795743295,0.009980258824,-0.002079457148,0.01839054837,0
0,0.008795743295,0.009980258824,-0.002079457148,0.01839054837,0.001227541567,0
0.008795743295,0.009980258824,-0.002079457148,0.01839054837,0.001227541567,0.001564770312,0
0.009980258824,-0.002079457148,0.01839054837,0.001227541567,0.001564770312,0,0
-0.002079457148,0.01839054837,0.001227541567,0.001564770312,0,-0.01518987342,0
0.01839054837,0.001227541567,0.001564770312,0,-0.01518987342,0.001543380007,0
0.001227541567,0.001564770312,0,-0.01518987342,0.001543380007,-0.0111195901,0
0.001564770312,0,-0.01518987342,0.001543380007,-0.0111195901,0.005590879193,0
0,-0.01518987342,0.001543380007,-0.0111195901,0.005590879193,0.01265541741,0
-0.01518987342,0.001543380007,-0.0111195901,0.005590879193,0.01265541741,0,0
0.001543380007,-0.0111195901,0.005590879193,0.01265541741,0,-0.002104796723,0
-0.0111195901,0.005590879193,0.01265541741,0,-0.002104796723,-0.004191947047,0
0.005590879193,0.01265541741,0,-0.002104796723,-0.004191947047,-0.01069518717,0
0.01265541741,0,-0.002104796723,-0.004191947047,-0.01069518717,-0.01100917431,0
0,-0.002104796723,-0.004191947047,-0.01069518717,-0.01100917431,0,0
-0.002104796723,-0.004191947047,-0.01069518717,-0.01100917431,0,-0.0003236944325,0
-0.004191947047,-0.01069518717,-0.01100917431,0,-0.0003236944325,0.01101778118,0
-0.01069518717,-0.01100917431,0,-0.0003236944325,0.01101778118,0.007362637358,0
-0.01100917431,0,-0.0003236944325,0.01101778118,0.007362637358,0.01088646968,0
0,-0.0003236944325,0.01101778118,0.007362637358,0.01088646968,-0.0008879023352,0
-0.0003236944325,0.01101778118,0.007362637358,0.01088646968,-0.0008879023352,-0.02940859636,0
0.01101778118,0.007362637358,0.01088646968,-0.0008879023352,-0.02940859636,-0.003863075437,0
0.007362637358,0.01088646968,-0.0008879023352,-0.02940859636,-0.003863075437,0.003878056663,0
0.01088646968,-0.0008879023352,-0.02940859636,-0.003863075437,0.003878056663,-0.0117108485,0
-0.0008879023352,-0.02940859636,-0.003863075437,0.003878056663,-0.0117108485,-0.00540025413,0
-0.02940859636,-0.003863075437,0.003878056663,-0.0117108485,-0.00540025413,0.008220348028,0
-0.003863075437,0.003878056663,-0.0117108485,-0.00540025413,0.008220348028,-0.002980308671,0
0.003878056663,-0.0117108485,-0.00540025413,0.008220348028,-0.002980308671,-0.006030469742,0
-0.0117108485,-0.00540025413,0.008220348028,-0.002980308671,-0.006030469742,0.00265195714,0
-0.00540025413,0.008220348028,-0.002980308671,-0.006030469742,0.00265195714,-0.001800084708,0
0.008220348028,-0.002980308671,-0.006030469742,0.00265195714,-0.001800084708,0.006072227549,0
-0.002980308671,-0.006030469742,0.00265195714,-0.001800084708,0.006072227549,0.0004263028903,0
-0.006030469742,0.00265195714,-0.001800084708,0.006072227549,0.0004263028903,0.002564376536,0
0.00265195714,-0.001800084708,0.006072227549,0.0004263028903,0.002564376536,0,0
-0.001800084708,0.006072227549,0.0004263028903,0.002564376536,0,0.005695250374,0
0.006072227549,0.0004263028903,0.002564376536,0,0.005695250374,-0.003746922169,0
0.0004263028903,0.002564376536,0,0.005695250374,-0.003746922169,0.00581457952,0
0.002564376536,0,0.005695250374,-0.003746922169,0.00581457952,0.00302408467,0
0,0.005695250374,-0.003746922169,0.00581457952,0.00302408467,0.003576848038,0
0.005695250374,-0.003746922169,0.00581457952,0.00302408467,0.003576848038,0.005448997389,0
-0.003746922169,0.00581457952,0.00302408467,0.003576848038,0.005448997389,0,0
0.00581457952,0.00302408467,0.003576848038,0.005448997389,0,0.004048582992,0
0.00302408467,0.003576848038,0.005448997389,0,0.004048582992,0.004065040653,0
0.003576848038,0.005448997389,0,0.004048582992,0.004065040653,-0.01311937548,0
0.005448997389,0,0.004048582992,0.004065040653,-0.01311937548,-0.00592800172,0
0,0.004048582992,0.004065040653,-0.01311937548,-0.00592800172,0.0003234501348,0
0.004048582992,0.004065040653,-0.01311937548,-0.00592800172,0.0003234501348,-0.002902601591,0
0.004065040653,-0.01311937548,-0.00592800172,0.0003234501348,-0.002902601591,0.0009684708921,0
-0.01311937548,-0.00592800172,0.0003234501348,-0.002902601591,0.0009684708921,0.003997407083,0
-0.00592800172,0.0003234501348,-0.002902601591,0.0009684708921,0.003997407083,0.007510612822,0
0.0003234501348,-0.002902601591,0.0009684708921,0.003997407083,0.007510612822,0.02522039951,0
-0.002902601591,0.0009684708921,0.003997407083,0.007510612822,0.02522039951,0.01231360145,0
0.0009684708921,0.003997407083,0.007510612822,0.02522039951,0.01231360145,-0.002816266759,0
0.003997407083,0.007510612822,0.02522039951,0.01231360145,-0.002816266759,0.004185520364,0
0.007510612822,0.02522039951,0.01231360145,-0.002816266759,0.004185520364,-0.01854113468,0
0.02522039951,0.01231360145,-0.002816266759,0.004185520364,-0.01854113468,-0.003319685736,0
0.01231360145,-0.002816266759,0.004185520364,-0.01854113468,-0.003319685736,0.001662602527,0
-0.002816266759,0.004185520364,-0.01854113468,-0.003319685736,0.001662602527,0.002667259391,0
0.004185520364,-0.01854113468,-0.003319685736,0.001662602527,0.002667259391,-0.0003332963004,0
-0.01854113468,-0.003319685736,0.001662602527,0.002667259391,-0.0003332963004,0.002115341797,0
-0.003319685736,0.001662602527,0.002667259391,-0.0003332963004,0.002115341797,-0.009156094868,0
0.001662602527,0.002667259391,-0.0003332963004,0.002115341797,-0.009156094868,-0.0004410629639,0
0.002667259391,-0.0003332963004,0.002115341797,-0.009156094868,-0.0004410629639,-0.001761144746,0
-0.0003332963004,0.002115341797,-0.009156094868,-0.0004410629639,-0.001761144746,0.003978340148,0
0.002115341797,-0.009156094868,-0.0004410629639,-0.001761144746,0.003978340148,-0.0001104972331,0
-0.009156094868,-0.0004410629639,-0.001761144746,0.003978340148,-0.0001104972331,0.004662522202,0
-0.0004410629639,-0.001761144746,0.003978340148,-0.0001104972331,0.004662522202,-0.007492287356,0
-0.001761144746,0.003978340148,-0.0001104972331,0.004662522202,-0.007492287356,0.007660708338,0
0.003978340148,-0.0001104972331,0.004662522202,-0.007492287356,0.007660708338,0.006031497822,0
-0.0001104972331,0.004662522202,-0.007492287356,0.007660708338,0.006031497822,-0.001895206241,0
0.004662522202,-0.007492287356,0.007660708338,0.006031497822,-0.001895206241,0.007186166632,0
-0.007492287356,0.007660708338,0.006031497822,-0.001895206241,0.007186166632,0.009636095676,0
0.007660708338,0.006031497822,-0.001895206241,0.007186166632,0.009636095676,-0.00954412755,0
0.006031497822,-0.001895206241,0.007186166632,0.009636095676,-0.00954412755,0.009178470255,0
-0.001895206241,0.007186166632,0.009636095676,-0.00954412755,0.009178470255,-0.001696832579,0
0.007186166632,0.009636095676,-0.00954412755,0.009178470255,-0.001696832579,0.0002262955397,0
0.009636095676,-0.00954412755,0.009178470255,-0.001696832579,0.0002262955397,-0.009303889696,0
-0.00954412755,0.009178470255,-0.001696832579,0.0002262955397,-0.009303889696,0.004277834063,0
0.009178470255,-0.001696832579,0.0002262955397,-0.009303889696,0.004277834063,-0.001236788844,0
-0.001696832579,0.0002262955397,-0.009303889696,0.004277834063,-0.001236788844,0.004177486729,0
0.0002262955397,-0.009303889696,0.004277834063,-0.001236788844,0.004177486729,-0.00191570881,0
-0.009303889696,0.004277834063,-0.001236788844,0.004177486729,-0.00191570881,0.002485314056,0
0.004277834063,-0.001236788844,0.004177486729,-0.00191570881,0.002485314056,0.002832219323,0
-0.001236788844,0.004177486729,-0.00191570881,0.002485314056,0.002832219323,-0.001922207144,0
0.004177486729,-0.00191570881,0.002485314056,0.002832219323,-0.001922207144,0.01701931923,0
-0.00191570881,0.002485314056,0.002832219323,-0.001922207144,0.01701931923,-0.002866643736,0
0.002485314056,0.002832219323,-0.001922207144,0.01701931923,-0.002866643736,0.0003441156228,0
0.002832219323,-0.001922207144,0.01701931923,-0.002866643736,0.0003441156228,0.001378359752,0
-0.001922207144,0.01701931923,-0.002866643736,0.0003441156228,0.001378359752,0.005660159411,0
0.01701931923,-0.002866643736,0.0003441156228,0.001378359752,0.005660159411,0.007447922723,0
-0.002866643736,0.0003441156228,0.001378359752,0.005660159411,0.007447922723,0.01070336392,0
0.0003441156228,0.001378359752,0.005660159411,0.007447922723,0.01070336392,0.004489603022,0
0.001378359752,0.005660159411,0.007447922723,0.01070336392,0.004489603022,0.01171408081,0
0.005660159411,0.007447922723,0.01070336392,0.004489603022,0.01171408081,-0.01715225564,0
0.007447922723,0.01070336392,0.004489603022,0.01171408081,-0.01715225564,-0.003045209649,0
0.01070336392,0.004489603022,0.01171408081,-0.01715225564,-0.003045209649,-0.001520290027,0
0.004489603022,0.01171408081,-0.01715225564,-0.003045209649,-0.001520290027,0,0
0.01171408081,-0.01715225564,-0.003045209649,-0.001520290027,0,-0.02106468231,0
-0.01715225564,-0.003045209649,-0.001520290027,0,-0.02106468231,0.01017693997,0
-0.003045209649,-0.001520290027,0,-0.02106468231,0.01017693997,0.0001156604233,0
-0.001520290027,0,-0.02106468231,0.01017693997,0.0001156604233,-0.005978385838,0
0,-0.02106468231,0.01017693997,0.0001156604233,-0.005978385838,0.001612160299,0
-0.02106468231,0.01017693997,0.0001156604233,-0.005978385838,0.001612160299,-0.003099529331,0
0.01017693997,0.0001156604233,-0.005978385838,0.001612160299,-0.003099529331,0.01149558755,0
0.0001156604233,-0.005978385838,0.001612160299,-0.003099529331,0.01149558755,-0.008975834292,0
-0.005978385838,0.001612160299,-0.003099529331,0.01149558755,-0.008975834292,0.004275973646,0
0.001612160299,-0.003099529331,0.01149558755,-0.008975834292,0.004275973646,-0.001960784311,0
-0.003099529331,0.01149558755,-0.008975834292,0.004275973646,-0.001960784311,0.009900990101,0
0.01149558755,-0.008975834292,0.004275973646,-0.001960784311,0.009900990101,0.002101085561,0
-0.008975834292,0.004275973646,-0.001960784311,0.009900990101,0.002101085561,0.01649264356,0
0.004275973646,-0.001960784311,0.009900990101,0.002101085561,0.01649264356,0.003811338738,0
-0.001960784311,0.009900990101,0.002101085561,0.01649264356,0.003811338738,0.01683420128,0
0.009900990101,0.002101085561,0.01649264356,0.003811338738,0.01683420128,0.0002422774125,0
0.002101085561,0.01649264356,0.003811338738,0.01683420128,0.0002422774125,0.004746835443,0
0.01649264356,0.003811338738,0.01683420128,0.0002422774125,0.004746835443,0.02303573652,0
0.003811338738,0.01683420128,0.0002422774125,0.004746835443,0.02303573652,-0.007660941552,0
0.01683420128,0.0002422774125,0.004746835443,0.02303573652,-0.007660941552,0.01036204744,0
0.0002422774125,0.004746835443,0.02303573652,-0.007660941552,0.01036204744,-0.03003148462,0
0.004746835443,0.02303573652,-0.007660941552,0.01036204744,-0.03003148462,-0.01830718022,0
0.02303573652,-0.007660941552,0.01036204744,-0.03003148462,-0.01830718022,-0.0136022514,0
-0.007660941552,0.01036204744,-0.03003148462,-0.01830718022,-0.0136022514,0.01584276354,0
0.01036204744,-0.03003148462,-0.01830718022,-0.0136022514,0.01584276354,-0.004978072775,0
-0.03003148462,-0.01830718022,-0.0136022514,0.01584276354,-0.004978072775,0.0008303677367,1
-0.01830718022,-0.0136022514,0.01584276354,-0.004978072775,0.0008303677367,0.01115509176,0
-0.0136022514,0.01584276354,-0.004978072775,0.0008303677367,0.01115509176,-0.005131264919,0
0.01584276354,-0.004978072775,0.0008303677367,0.01115509176,-0.005131264919,-0.02319617671,0
-0.004978072775,0.0008303677367,0.01115509176,-0.005131264919,-0.02319617671,-0.001513035384,0
0.0008303677367,0.01115509176,-0.005131264919,-0.02319617671,-0.001513035384,0.01082352941,0
0.01115509176,-0.005131264919,-0.02319617671,-0.001513035384,0.01082352941,-0.007125335821,0
-0.005131264919,-0.02319617671,-0.001513035384,0.01082352941,-0.007125335821,-0.00776541493,0
-0.02319617671,-0.001513035384,0.01082352941,-0.007125335821,-0.00776541493,-0.01394285714,0
-0.001513035384,0.01082352941,-0.007125335821,-0.00776541493,-0.01394285714,0.00644122383,0
0.01082352941,-0.007125335821,-0.00776541493,-0.01394285714,0.00644122383,0.002883838969,0
-0.007125335821,-0.00776541493,-0.01394285714,0.00644122383,0.002883838969,0.005567799559,0
-0.00776541493,-0.01394285714,0.00644122383,0.002883838969,0.005567799559,-0.008738645512,0
-0.01394285714,0.00644122383,0.002883838969,0.005567799559,-0.008738645512,0.01033921933,0
0.00644122383,0.002883838969,0.005567799559,-0.008738645512,0.01033921933,0.0006975122065,0
0.002883838969,0.005567799559,-0.008738645512,0.01033921933,0.0006975122065,0.001047364134,0
0.005567799559,-0.008738645512,0.01033921933,0.0006975122065,0.001047364134,0,0
-0.008738645512,0.01033921933,0.0006975122065,0.001047364134,0,0.00561732007,0
0.01033921933,0.0006975122065,0.001047364134,0,0.00561732007,0.005175861668,0
0.0006975122065,0.001047364134,0,0.00561732007,0.005175861668,0.006154574501,0
0.001047364134,0,0.00561732007,0.005175861668,0.006154574501,0.002729646338,0
0,0.00561732007,0.005175861668,0.006154574501,0.002729646338,-0.004018912532,0
0.00561732007,0.005175861668,0.006154574501,0.002729646338,-0.004018912532,0.000946521531,0
0.005175861668,0.006154574501,0.002729646338,-0.004018912532,0.000946521531,0.001540466882,0
0.006154574501,0.002729646338,-0.004018912532,0.000946521531,0.001540466882,0.003925767309,0
0.002729646338,-0.004018912532,0.000946521531,0.001540466882,0.003925767309,-0.002965247304,0
-0.004018912532,0.000946521531,0.001540466882,0.003925767309,-0.002965247304,-0.001539554709,0
0.000946521531,0.001540466882,0.003925767309,-0.002965247304,-0.001539554709,0,0
0.001540466882,0.003925767309,-0.002965247304,-0.001539554709,0,-0.002480803308,0
0.003925767309,-0.002965247304,-0.001539554709,0,-0.002480803308,0.002605708867,0
-0.002965247304,-0.001539554709,0,-0.002480803308,0.002605708867,0.007758414901,0
-0.001539554709,0,-0.002480803308,0.002605708867,0.007758414901,-0.0001193459864,0
0,-0.002480803308,0.002605708867,0.007758414901,-0.0001193459864,0.002272727275,0
-0.002480803308,0.002605708867,0.007758414901,-0.0001193459864,0.002272727275,0.008565568824,0
0.002605708867,0.007758414901,-0.0001193459864,0.002272727275,0.008565568824,0.002661183019,0
0.007758414901,-0.0001193459864,0.002272727275,0.008565568824,0.002661183019,0.002668283804,0
-0.0001193459864,0.002272727275,0.008565568824,0.002661183019,0.002668283804,-0.0008482792002,0
0.002272727275,0.008565568824,0.002661183019,0.002668283804,-0.0008482792002,-0.0002423067652,0
0.008565568824,0.002661183019,0.002668283804,-0.0008482792002,-0.0002423067652,0.01189162683,0
0.002661183019,0.002668283804,-0.0008482792002,-0.0002423067652,0.01189162683,0.001596267193,0
0.002668283804,-0.0008482792002,-0.0002423067652,0.01189162683,0.001596267193,0.001229407421,0
-0.0008482792002,-0.0002423067652,0.01189162683,0.001596267193,0.001229407421,0.008055521135,0
-0.0002423067652,0.01189162683,0.001596267193,0.001229407421,0.008055521135,-0.005913514845,0
0.01189162683,0.001596267193,0.001229407421,0.008055521135,-0.005913514845,-0.007337654396,0
0.001596267193,0.001229407421,0.008055521135,-0.005913514845,-0.007337654396,0,0
0.001229407421,0.008055521135,-0.005913514845,-0.007337654396,0,0.0002446483156,0
0.008055521135,-0.005913514845,-0.007337654396,0,0.0002446483156,0.007021433851,0
-0.005913514845,-0.007337654396,0,0.0002446483156,0.007021433851,-0.007336757153,0
-0.007337654396,0,0.0002446483156,0.007021433851,-0.007336757153,-0.002682926832,0
0,0.0002446483156,0.007021433851,-0.007336757153,-0.002682926832,0.002567551045,0
0.0002446483156,0.007021433851,-0.007336757153,-0.002682926832,0.002567551045,0.0009790723339,0
0.007021433851,-0.007336757153,-0.002682926832,0.002567551045,0.0009790723339,0.001225340027,0
-0.007336757153,-0.002682926832,0.002567551045,0.0009790723339,0.001225340027,-0.001834637965,0
-0.002682926832,0.002567551045,0.0009790723339,0.001225340027,-0.001834637965,0.01188118812,0
0.002567551045,0.0009790723339,0.001225340027,-0.001834637965,0.01188118812,0.004975124381,0
0.0009790723339,0.001225340027,-0.001834637965,0.01188118812,0.004975124381,-0.0002486943522,0
0.001225340027,-0.001834637965,0.01188118812,0.004975124381,-0.0002486943522,0.00174389636,0
-0.001834637965,0.01188118812,0.004975124381,-0.0002486943522,0.00174389636,0.00538509706,0
0.01188118812,0.004975124381,-0.0002486943522,0.00174389636,0.00538509706,0,0
0.004975124381,-0.0002486943522,0.00174389636,0.00538509706,0,0.001379483318,0
-0.0002486943522,0.00174389636,0.00538509706,0,0.001379483318,0.0102622577,0
0.00174389636,0.00538509706,0,0.001379483318,0.0102622577,0.01270207852,0
0.00538509706,0,0.001379483318,0.0102622577,0.01270207852,0.009062661836,0
0,0.001379483318,0.0102622577,0.01270207852,0.009062661836,-0.003354838715,0
0.001379483318,0.0102622577,0.01270207852,0.009062661836,-0.003354838715,-0.01574803149,0
0.0102622577,0.01270207852,0.009062661836,-0.003354838715,-0.01574803149,0.003312945971,0
0.01270207852,0.009062661836,-0.003354838715,-0.01574803149,0.003312945971,0.01016861887,0
0.009062661836,-0.003354838715,-0.01574803149,0.003312945971,0.01016861887,-0.004612427931,0
-0.003354838715,-0.01574803149,0.003312945971,0.01016861887,-0.004612427931,0.0002563116724,0
-0.01574803149,0.003312945971,0.01016861887,-0.004612427931,0.0002563116724,0.01193100765,0
0.003312945971,0.01016861887,-0.004612427931,0.0002563116724,0.01193100765,0.008765044482,0
0.01016861887,-0.004612427931,0.0002563116724,0.01193100765,0.008765044482,-0.00868888601,0
-0.004612427931,0.0002563116724,0.01193100765,0.008765044482,-0.00868888601,-0.002199792958,0
0.0002563116724,0.01193100765,0.008765044482,-0.00868888601,-0.002199792958,-0.005789270552,0
0.01193100765,0.008765044482,-0.00868888601,-0.002199792958,-0.005789270552,-0.002054178973,0
0.008765044482,-0.00868888601,-0.002199792958,-0.005789270552,-0.002054178973,-0.01192439426,0
-0.00868888601,-0.002199792958,-0.005789270552,-0.002054178973,-0.01192439426,-0.01450181273,1
-0.002199792958,-0.005789270552,-0.002054178973,-0.01192439426,-0.01450181273,0.007557626905,0
-0.005789270552,-0.002054178973,-0.01192439426,-0.01450181273,0.007557626905,-0.009482220831,0
-0.002054178973,-0.01192439426,-0.01450181273,0.007557626905,-0.009482220831,0.001624593847,0
-0.01192439426,-0.01450181273,0.007557626905,-0.009482220831,0.001624593847,-0.0003747657714,0
-0.01450181273,0.007557626905,-0.009482220831,0.001624593847,-0.0003747657714,0.01111532146,0
0.007557626905,-0.009482220831,0.001624593847,-0.0003747657714,0.01111532146,-0.01222707423,0
-0.009482220831,0.001624593847,-0.0003747657714,0.01111532146,-0.01222707423,0.001124156882,0
0.001624593847,-0.0003747657714,0.01111532146,-0.01222707423,0.001124156882,-0.00719246032,0
-0.0003747657714,0.01111532146,-0.01222707423,0.001124156882,-0.00719246032,0,0
0.01111532146,-0.01222707423,0.001124156882,-0.00719246032,0,-0.002103700035,0
-0.01222707423,0.001124156882,-0.00719246032,0,-0.002103700035,0.001239003836,0
0.001124156882,-0.00719246032,0,-0.002103700035,0.001239003836,0.008748906389,0
-0.00719246032,0,-0.002103700035,0.001239003836,0.008748906389,-0.002866400795,0
0,-0.002103700035,0.001239003836,0.008748906389,-0.002866400795,-0.002982107356,0
-0.002103700035,0.001239003836,0.008748906389,-0.002866400795,-0.002982107356,-0.00136493362,0
0.001239003836,0.008748906389,-0.002866400795,-0.002982107356,-0.00136493362,0.003236648829,0
0.008748906389,-0.002866400795,-0.002982107356,-0.00136493362,0.003236648829,0.009044089938,0
-0.002866400795,-0.002982107356,-0.00136493362,0.003236648829,0.009044089938,0.005557660728,0
-0.002982107356,-0.00136493362,0.003236648829,0.009044089938,0.005557660728,0.006355662893,0
-0.00136493362,0.003236648829,0.009044089938,0.005557660728,0.006355662893,-0.00644102046,0
0.003236648829,0.009044089938,0.005557660728,0.006355662893,-0.00644102046,-0.002645169417,0
0.009044089938,0.005557660728,0.006355662893,-0.00644102046,-0.002645169417,-0.001885843601,0
0.005557660728,0.006355662893,-0.00644102046,-0.002645169417,-0.001885843601,0.01131595678,0
0.006355662893,-0.00644102046,-0.002645169417,-0.001885843601,0.01131595678,-0.001143002286,0
-0.00644102046,-0.002645169417,-0.001885843601,0.01131595678,-0.001143002286,-0.00643533123,0
-0.002645169417,-0.001885843601,0.01131595678,-0.001143002286,-0.00643533123,0.01045518296,0
-0.001885843601,0.01131595678,-0.001143002286,-0.00643533123,0.01045518296,0.005126233502,0
0.01131595678,-0.001143002286,-0.00643533123,0.01045518296,0.005126233502,-0.01014842065,0
-0.001143002286,-0.00643533123,0.01045518296,0.005126233502,-0.01014842065,-0.001140395337,0
-0.00643533123,0.01045518296,0.005126233502,-0.01014842065,-0.001140395337,0.008047004726,0
0.01045518296,0.005126233502,-0.01014842065,-0.001140395337,0.008047004726,0.005393604726,0
0.005126233502,-0.01014842065,-0.001140395337,0.008047004726,0.005393604726,-0.001538658802,0
-0.01014842065,-0.001140395337,0.008047004726,0.005393604726,-0.001538658802,0.001798330119,0
-0.001140395337,0.008047004726,0.005393604726,-0.001538658802,0.001798330119,-0.003838771593,0
0.008047004726,0.005393604726,-0.001538658802,0.001798330119,-0.003838771593,0.0003840245776,0
0.005393604726,-0.001538658802,0.001798330119,-0.003838771593,0.0003840245776,0.02117647059,0
-0.001538658802,0.001798330119,-0.003838771593,0.0003840245776,0.02117647059,0.001308900526,0
0.001798330119,-0.003838771593,0.0003840245776,0.02117647059,0.001308900526,0,0
-0.003838771593,0.0003840245776,0.02117647059,0.001308900526,0,-0.005984907627,0
0.0003840245776,0.02117647059,0.001308900526,0,-0.005984907627,-0.004662004662,0
0.02117647059,0.001308900526,0,-0.005984907627,-0.004662004662,0.006123778499,0
0.001308900526,0,-0.005984907627,-0.004662004662,0.006123778499,0.009735561116,0
0,-0.005984907627,-0.004662004662,0.006123778499,0.009735561116,-0.01349772875,0
-0.005984907627,-0.004662004662,0.006123778499,0.009735561116,-0.01349772875,-0.001037209903,0
-0.004662004662,0.006123778499,0.009735561116,-0.01349772875,-0.001037209903,0.005868544601,0
0.006123778499,0.009735561116,-0.01349772875,-0.001037209903,0.005868544601,0.0006524859689,0
0.009735561116,-0.01349772875,-0.001037209903,0.005868544601,0.0006524859689,0.008289473684,0
-0.01349772875,-0.001037209903,0.005868544601,0.0006524859689,0.008289473684,0.002374043788,0
-0.001037209903,0.005868544601,0.0006524859689,0.008289473684,0.002374043788,-0.003155403629,0
0.005868544601,0.0006524859689,0.008289473684,0.002374043788,-0.003155403629,0.01062981664,0
0.0006524859689,0.008289473684,0.002374043788,-0.003155403629,0.01062981664,0.01264800861,0
0.008289473684,0.002374043788,-0.003155403629,0.01062981664,0.01264800861,-0.0161503839,0
0.002374043788,-0.003155403629,0.01062981664,0.01264800861,-0.0161503839,-0.0005292405425,0
-0.003155403629,0.01062981664,0.01264800861,-0.0161503839,-0.0005292405425,0.007598986802,0
0.01062981664,0.01264800861,-0.0161503839,-0.0005292405425,0.007598986802,-0.000666133757,0
0.01264800861,-0.0161503839,-0.0005292405425,0.007598986802,-0.000666133757,0.005357621219,0
-0.0161503839,-0.0005292405425,0.007598986802,-0.000666133757,0.005357621219,0.0008042895442,1
-0.0005292405425,0.007598986802,-0.000666133757,0.005357621219,0.0008042895442,0.002957784345,0
0.007598986802,-0.000666133757,0.005357621219,0.0008042895442,0.002957784345,0.002155753169,0
-0.000666133757,0.005357621219,0.0008042895442,0.002957784345,0.002155753169,0.01241304052,0
0.005357621219,0.0008042895442,0.002957784345,0.002155753169,0.01241304052,0.008806935456,0
0.0008042895442,0.002957784345,0.002155753169,0.01241304052,0.008806935456,-0.005474202814,0
0.002957784345,0.002155753169,0.01241304052,0.008806935456,-0.005474202814,0,0
0.002155753169,0.01241304052,0.008806935456,-0.005474202814,0,-0.003817314249,0
0.01241304052,0.008806935456,-0.005474202814,0,-0.003817314249,0.0008186655751,0
0.008806935456,-0.005474202814,0,-0.003817314249,0.0008186655751,-0.0005454793427,1
-0.005474202814,0,-0.003817314249,0.0008186655751,-0.0005454793427,0.005622600115,1
0,-0.003817314249,0.0008186655751,-0.0005454793427,0.005622600115,-0.001369487814,1
-0.003817314249,0.0008186655751,-0.0005454793427,0.005622600115,-0.001369487814,0.01416666667,1
0.0008186655751,-0.0005454793427,0.005622600115,-0.001369487814,0.01416666667,0.001808821486,1
-0.0005454793427,0.005622600115,-0.001369487814,0.01416666667,0.001808821486,-0.003328248509,1
0.005622600115,-0.001369487814,0.01416666667,0.001808821486,-0.003328248509,-0.007979089286,1
-0.001369487814,0.01416666667,0.001808821486,-0.003328248509,-0.007979089286,0,1
0.01416666667,0.001808821486,-0.003328248509,-0.007979089286,0,-0.005608755127,1
0.001808821486,-0.003328248509,-0.007979089286,0,-0.005608755127,-0.002728512966,1
-0.003328248509,-0.007979089286,0,-0.005608755127,-0.002728512966,0.0004094445203,1
-0.007979089286,0,-0.005608755127,-0.002728512966,0.0004094445203,0.001640464798,1
0,-0.005608755127,-0.002728512966,0.0004094445203,0.001640464798,0,1
-0.005608755127,-0.002728512966,0.0004094445203,0.001640464798,0,0.004118050789,1
-0.002728512966,0.0004094445203,0.001640464798,0,0.004118050789,0.001649938127,1
0.0004094445203,0.001640464798,0,0.004118050789,0.001649938127,0.01041956099,1
0.001640464798,0,0.004118050789,0.001649938127,0.01041956099,-0.01464750171,1
0,0.004118050789,0.001649938127,0.01041956099,-0.01464750171,0.005921233823,1
0.004118050789,0.001649938127,0.01041956099,-0.01464750171,0.005921233823,0.004564946742,1
0.001649938127,0.01041956099,-0.01464750171,0.005921233823,0.004564946742,0,1
0.01041956099,-0.01464750171,0.005921233823,0.004564946742,0,0.002913429523,1
-0.01464750171,0.005921233823,0.004564946742,0,0.002913429523,0.01364083813,1
0.005921233823,0.004564946742,0,0.002913429523,0.01364083813,0.004662333993,1
0.004564946742,0,0.002913429523,0.01364083813,0.004662333993,0.003829244079,1
0,0.002913429523,0.01364083813,0.004662333993,0.003829244079,-0.01052483862,1
0.002913429523,0.01364083813,0.004662333993,0.003829244079,-0.01052483862,0.008063375301,1
0.01364083813,0.004662333993,0.003829244079,-0.01052483862,0.008063375301,-0.003804960541,1
0.004662333993,0.003829244079,-0.01052483862,0.008063375301,-0.003804960541,-0.0005633802761,1
0.003829244079,-0.01052483862,0.008063375301,-0.003804960541,-0.0005633802761,-0.005323620067,1
-0.01052483862,0.008063375301,-0.003804960541,-0.0005633802761,-0.005323620067,0.005918827508,1
0.008063375301,-0.003804960541,-0.0005633802761,-0.005323620067,0.005918827508,0.004103580025,1
-0.003804960541,-0.0005633802761,-0.005323620067,0.005918827508,0.004103580025,-0.0008482963382,1
-0.0005633802761,-0.005323620067,0.005918827508,0.004103580025,-0.0008482963382,0.0009906594905,1
-0.005323620067,0.005918827508,0.004103580025,-0.0008482963382,0.0009906594905,-0.001836417567,1
0.005918827508,0.004103580025,-0.0008482963382,0.0009906594905,-0.001836417567,0,1
0.004103580025,-0.0008482963382,0.0009906594905,-0.001836417567,0,0.0005653710191,1
-0.0008482963382,0.0009906594905,-0.001836417567,0,0.0005653710191,0.004115810395,1
0.0009906594905,-0.001836417567,0,0.0005653710191,0.004115810395,-0.001983002839,1
-0.001836417567,0,0.0005653710191,0.004115810395,-0.001983002839,0.007420091327,1
0,0.0005653710191,0.004115810395,-0.001983002839,0.007420091327,0.001285897985,1
0.0005653710191,0.004115810395,-0.001983002839,0.007420091327,0.001285897985,0.001430819863,1
0.004115810395,-0.001983002839,0.007420091327,0.001285897985,0.001430819863,0.001863532104,1
-0.001983002839,0.007420091327,0.001285897985,0.001430819863,0.001863532104,0.01928696669,1
0.007420091327,0.001285897985,0.001430819863,0.001863532104,0.01928696669,-0.0008759124088,1
0.001285897985,0.001430819863,0.001863532104,0.01928696669,-0.0008759124088,0.01586830788,1
0.001430819863,0.001863532104,0.01928696669,-0.0008759124088,0.01586830788,-0.007944681477,1
0.001863532104,0.01928696669,-0.0008759124088,0.01586830788,-0.007944681477,0.001030927829,1
0.01928696669,-0.0008759124088,0.01586830788,-0.007944681477,0.001030927829,0.002954209755,1
-0.0008759124088,0.01586830788,-0.007944681477,0.001030927829,0.002954209755,0.001775673276,1
0.01586830788,-0.007944681477,0.001030927829,0.002954209755,0.001775673276,0.009410007468,1
-0.007944681477,0.001030927829,0.002954209755,0.001775673276,0.009410007468,0.01887079592,1
0.001030927829,0.002954209755,0.001775673276,0.009410007468,0.01887079592,0.01045671229,1
0.002954209755,0.001775673276,0.009410007468,0.01887079592,0.01045671229,0.006656346743,1
0.001775673276,0.009410007468,0.01887079592,0.01045671229,0.006656346743,0.01206329313,1
0.009410007468,0.01887079592,0.01045671229,0.006656346743,0.01206329313,-0.004833177428,1
0.01887079592,0.01045671229,0.006656346743,0.01206329313,-0.004833177428,-0.01171032358,1
0.01045671229,0.006656346743,0.01206329313,-0.004833177428,-0.01171032358,-0.01442672741,1
0.006656346743,0.01206329313,-0.004833177428,-0.01171032358,-0.01442672741,0.007342817806,1
0.01206329313,-0.004833177428,-0.01171032358,-0.01442672741,0.007342817806,-0.001679902257,1
-0.004833177428,-0.01171032358,-0.01442672741,0.007342817806,-0.001679902257,-0.01251696577,1
-0.01171032358,-0.01442672741,0.007342817806,-0.001679902257,-0.01251696577,-0.008522727273,1
-0.01442672741,0.007342817806,-0.001679902257,-0.01251696577,-0.008522727273,-0.01327825317,1
0.007342817806,-0.001679902257,-0.01251696577,-0.008522727273,-0.01327825317,-0.0001475143768,1
-0.001679902257,-0.01251696577,-0.008522727273,-0.01327825317,-0.0001475143768,0.01058437686,1
-0.01251696577,-0.008522727273,-0.01327825317,-0.0001475143768,0.01058437686,-0.005043013945,1
-0.008522727273,-0.01327825317,-0.0001475143768,0.01058437686,-0.005043013945,-0.006044523069,1
-0.01327825317,-0.0001475143768,0.01058437686,-0.005043013945,-0.006044523069,0.004293751848,1
-0.0001475143768,0.01058437686,-0.005043013945,-0.006044523069,0.004293751848,0.005209108504,1
0.01058437686,-0.005043013945,-0.006044523069,0.004293751848,0.005209108504,0.006290250112,1
-0.005043013945,-0.006044523069,0.004293751848,0.005209108504,0.006290250112,0.01197332524,1
-0.006044523069,0.004293751848,0.005209108504,0.006290250112,0.01197332524,-0.001059803173,1
0.004293751848,0.005209108504,0.006290250112,0.01197332524,-0.001059803173,0.008089133086,1
0.005209108504,0.006290250112,0.01197332524,-0.001059803173,0.008089133086,-0.01369863014,1
0.006290250112,0.01197332524,-0.001059803173,0.008089133086,-0.01369863014,0.0001505570641,1
0.01197332524,-0.001059803173,0.008089133086,-0.01369863014,0.0001505570641,-0.002702702703,1
-0.001059803173,0.008089133086,-0.01369863014,0.0001505570641,-0.002702702703,0.006042296076,1
-0.00134104755,0.008851952068,-0.001890505035,-0.0100828782,-0.005129569116,0.003890753738,0
0.008851952068,-0.001890505035,-0.0100828782,-0.005129569116,0.003890753738,0.003752201547,0
-0.001890505035,-0.0100828782,-0.005129569116,0.003890753738,0.003752201547,-0.007900934437,0
-0.0100828782,-0.005129569116,0.003890753738,0.003752201547,-0.007900934437,0.001636038504,0
-0.005129569116,0.003890753738,0.003752201547,-0.007900934437,0.001636038504,0.008208983851,0
0.003890753738,0.003752201547,-0.007900934437,0.001636038504,0.008208983851,-0.002830585625,0
0.003752201547,-0.007900934437,0.001636038504,0.008208983851,-0.002830585625,-0.004455445545,0
-0.007900934437,0.001636038504,0.008208983851,-0.002830585625,-0.004455445545,0,0
0.001636038504,0.008208983851,-0.002830585625,-0.004455445545,0,0.007365352156,0
0.008208983851,-0.002830585625,-0.004455445545,0,0.007365352156,0.00003836268078,0
-0.002830585625,-0.004455445545,0,0.007365352156,0.00003836268078,-0.002143704781,0
-0.004455445545,0,0.007365352156,0.00003836268078,-0.002143704781,0.00802623963,0
0,0.007365352156,0.00003836268078,-0.002143704781,0.00802623963,0.01175138596,0
0.007365352156,0.00003836268078,-0.002143704781,0.00802623963,0.01175138596,-0.0004292682927,0
0.00003836268078,-0.002143704781,0.00802623963,0.01175138596,-0.0004292682927,-0.00007804268935,0
-0.002143704781,0.00802623963,0.01175138596,-0.0004292682927,-0.00007804268935,-0.0009745828785,0
0.00802623963,0.01175138596,-0.0004292682927,-0.00007804268935,-0.0009745828785,-0.01433237272,0
0.01175138596,-0.0004292682927,-0.00007804268935,-0.0009745828785,-0.01433237272,0,0
-0.0004292682927,-0.00007804268935,-0.0009745828785,-0.01433237272,0,-0.003675203859,0
-0.00007804268935,-0.0009745828785,-0.01433237272,0,-0.003675203859,0.010874613,0
-0.0009745828785,-0.01433237272,0,-0.003675203859,0.010874613,-0.01215689273,0
-0.01433237272,0,-0.003675203859,0.010874613,-0.01215689273,-0.005626092907,0
0,-0.003675203859,0.010874613,-0.01215689273,-0.005626092907,0.01673559309,0
-0.003675203859,0.010874613,-0.01215689273,-0.005626092907,0.01673559309,0.005088959677,0
0.010874613,-0.01215689273,-0.005626092907,0.01673559309,0.005088959677,0.01755079453,0
-0.01215689273,-0.005626092907,0.01673559309,0.005088959677,0.01755079453,-0.01621621622,0
-0.005626092907,0.01673559309,0.005088959677,0.01755079453,-0.01621621622,-0.002521334368,0
0.01673559309,0.005088959677,0.01755079453,-0.01621621622,-0.002521334368,0.003034783285,0
0.005088959677,0.01755079453,-0.01621621622,-0.002521334368,0.003034783285,-0.02632874948,0
0.01755079453,-0.01621621622,-0.002521334368,0.003034783285,-0.02632874948,0.004222780187,0
-0.01621621622,-0.002521334368,0.003034783285,-0.02632874948,0.004222780187,-0.007326283988,0
-0.002521334368,0.003034783285,-0.02632874948,0.004222780187,-0.007326283988,0.00128563866,0
0.003034783285,-0.02632874948,0.004222780187,-0.007326283988,0.00128563866,0.002729961326,0
-0.02632874948,0.004222780187,-0.007326283988,0.00128563866,0.002729961326,0.002203982368,0
0.004222780187,-0.007326283988,0.00128563866,0.002729961326,0.002203982368,0.005771068221,0
-0.007326283988,0.00128563866,0.002729961326,0.002203982368,0.005771068221,0.0001911314985,0
0.00128563866,0.002729961326,0.002203982368,0.005771068221,0.0001911314985,0,0
0.002729961326,0.002203982368,0.005771068221,0.0001911314985,0,0.006153846154,0
0.002203982368,0.005771068221,0.0001911314985,0,0.006153846154,0.003783491622,0
0.005771068221,0.0001911314985,0,0.006153846154,0.003783491622,0.001856579253,0
0.0001911314985,0,0.006153846154,0.003783491622,0.001856579253,0.01079052311,0
0,0.006153846154,0.003783491622,0.001856579253,0.01079052311,-0.00660245456,0
0.006153846154,0.003783491622,0.001856579253,0.01079052311,-0.00660245456,-0.0006598098195,0
0.003783491622,0.001856579253,0.01079052311,-0.00660245456,-0.0006598098195,-0.0121918491,0
0.001856579253,0.01079052311,-0.00660245456,-0.0006598098195,-0.0121918491,0.007688147118,0
0.01079052311,-0.00660245456,-0.0006598098195,-0.0121918491,0.007688147118,0.005867951657,0
-0.00660245456,-0.0006598098195,-0.0121918491,0.007688147118,0.005867951657,-0.001552011795,0
-0.0006598098195,-0.0121918491,0.007688147118,0.005867951657,-0.001552011795,0.001943785717,0
-0.0121918491,0.007688147118,0.005867951657,-0.001552011795,0.001943785717,0.008586888331,0
0.007688147118,0.005867951657,-0.001552011795,0.001943785717,0.008586888331,-0.003788914496,0
0.005867951657,-0.001552011795,0.001943785717,0.008586888331,-0.003788914496,0.01458407641,0
-0.001552011795,0.001943785717,0.008586888331,-0.003788914496,0.01458407641,0.008150545367,0
0.001943785717,0.008586888331,-0.003788914496,0.01458407641,0.008150545367,-0.004019100676,0
0.008586888331,-0.003788914496,0.01458407641,0.008150545367,-0.004019100676,0.002953384419,0
-0.003788914496,0.01458407641,0.008150545367,-0.004019100676,0.002953384419,0.01028184347,0
0.01458407641,0.008150545367,-0.004019100676,0.002953384419,0.01028184347,-0.0004030470356,0
0.008150545367,-0.004019100676,0.002953384419,0.01028184347,-0.0004030470356,-0.004893113544,0
-0.004019100676,0.002953384419,0.01028184347,-0.0004030470356,-0.004893113544,0.001244879929,0
0.002953384419,0.01028184347,-0.0004030470356,-0.004893113544,0.001244879929,0.008014896373,0
0.01028184347,-0.0004030470356,-0.004893113544,0.001244879929,0.008014896373,-0.004111908409,0
-0.0004030470356,-0.004893113544,0.001244879929,0.008014896373,-0.004111908409,0.0104688582,0
-0.004893113544,0.001244879929,0.008014896373,-0.004111908409,0.0104688582,-0.006354731644,0
0.001244879929,0.008014896373,-0.004111908409,0.0104688582,-0.006354731644,-0.002342109514,0
0.008014896373,-0.004111908409,0.0104688582,-0.006354731644,-0.002342109514,0.01205607095,0
-0.004111908409,0.0104688582,-0.006354731644,-0.002342109514,0.01205607095,0.00262241344,0
0.0104688582,-0.006354731644,-0.002342109514,0.01205607095,0.00262241344,0.008054522924,0
-0.006354731644,-0.002342109514,0.01205607095,0.00262241344,0.008054522924,0.01178535607,0
-0.002342109514,0.01205607095,0.00262241344,0.008054522924,0.01178535607,0.01017435724,0
0.01205607095,0.00262241344,0.008054522924,0.01178535607,0.01017435724,-0.003827067037,0
0.00262241344,0.008054522924,0.01178535607,0.01017435724,-0.003827067037,0.006220642377,0
0.008054522924,0.01178535607,0.01017435724,-0.003827067037,0.006220642377,0.02507265866,0
0.01178535607,0.01017435724,-0.003827067037,0.006220642377,0.02507265866,0.0007814195789,1
0.01017435724,-0.003827067037,0.006220642377,0.02507265866,0.0007814195789,0,1
-0.003827067037,0.006220642377,0.02507265866,0.0007814195789,0,0.004491540206,1
0.006220642377,0.02507265866,0.0007814195789,0,0.004491540206,0.001222493888,1
0.02507265866,0.0007814195789,0,0.004491540206,0.001222493888,0.007167670727,1
0.0007814195789,0,0.004491540206,0.001222493888,0.007167670727,0.02923738402,1
0,0.004491540206,0.001222493888,0.007167670727,0.02923738402,-0.003922098999,1
0.004491540206,0.001222493888,0.007167670727,0.02923738402,-0.003922098999,-0.01671173368,1
0.001222493888,0.007167670727,0.02923738402,-0.003922098999,-0.01671173368,-0.01737956268,1
0.007167670727,0.02923738402,-0.003922098999,-0.01671173368,-0.01737956268,0.00543049838,1
0.02923738402,-0.003922098999,-0.01671173368,-0.01737956268,0.00543049838,-0.003708713295,1
-0.003922098999,-0.01671173368,-0.01737956268,0.00543049838,-0.003708713295,0.01147446931,1
-0.01671173368,-0.01737956268,0.00543049838,-0.003708713295,0.01147446931,-0.01508302182,1
-0.01737956268,0.00543049838,-0.003708713295,0.01147446931,-0.01508302182,-0.002687705913,1
0.00543049838,-0.003708713295,0.01147446931,-0.01508302182,-0.002687705913,-0.01364005644,1
-0.003708713295,0.01147446931,-0.01508302182,-0.002687705913,-0.01364005644,0.00252914952,1
0.01147446931,-0.01508302182,-0.002687705913,-0.01364005644,0.00252914952,0.01026373912,1
-0.01508302182,-0.002687705913,-0.01364005644,0.00252914952,0.01026373912,-0.0059408498,1
-0.002687705913,-0.01364005644,0.00252914952,0.01026373912,-0.0059408498,-0.01517785221,1
-0.01364005644,0.00252914952,0.01026373912,-0.0059408498,-0.01517785221,-0.0008048801152,1
0.00252914952,0.01026373912,-0.0059408498,-0.01517785221,-0.0008048801152,-0.002029255094,1
0.01026373912,-0.0059408498,-0.01517785221,-0.0008048801152,-0.002029255094,0.00839834591,1
-0.0059408498,-0.01517785221,-0.0008048801152,-0.002029255094,0.00839834591,-0.01312634103,1
-0.01517785221,-0.0008048801152,-0.002029255094,0.00839834591,-0.01312634103,-0.00560599088,1
-0.0008048801152,-0.002029255094,0.00839834591,-0.01312634103,-0.00560599088,0.007757493992,1
-0.002029255094,0.00839834591,-0.01312634103,-0.00560599088,0.007757493992,-0.009396926161,1
0.00839834591,-0.01312634103,-0.00560599088,0.007757493992,-0.009396926161,0.0004596164292,1
-0.01312634103,-0.00560599088,0.007757493992,-0.009396926161,0.0004596164292,-0.004243811109,1
-0.00560599088,0.007757493992,-0.009396926161,0.0004596164292,-0.004243811109,-0.005338520113,0
0.007757493992,-0.009396926161,0.0004596164292,-0.004243811109,-0.005338520113,0.008135508365,0
-0.009396926161,0.0004596164292,-0.004243811109,-0.005338520113,0.008135508365,0.007735968047,0
0.0004596164292,-0.004243811109,-0.005338520113,0.008135508365,0.007735968047,-0.01036032288,0
-0.004243811109,-0.005338520113,0.008135508365,0.007735968047,-0.01036032288,0.00695491872,0
-0.005338520113,0.008135508365,0.007735968047,-0.01036032288,0.00695491872,-0.00267424369,0
0.008135508365,0.007735968047,-0.01036032288,0.00695491872,-0.00267424369,0.005588470104,0
0.007735968047,-0.01036032288,0.00695491872,-0.00267424369,0.005588470104,0,0
-0.01036032288,0.00695491872,-0.00267424369,0.005588470104,0,0.001177905852,0
0.00695491872,-0.00267424369,0.005588470104,0,0.001177905852,0.0006314194309,0
-0.00267424369,0.005588470104,0,0.001177905852,0.0006314194309,-0.01558097132,0
0.005588470104,0,0.001177905852,0.0006314194309,-0.01558097132,0,0
0,0.001177905852,0.0006314194309,-0.01558097132,0,-0.003262979637,0
0.001177905852,0.0006314194309,-0.01558097132,0,-0.003262979637,0.004814276821,0
0.0006314194309,-0.01558097132,0,-0.003262979637,0.004814276821,0.01972152863,0
-0.01558097132,0,-0.003262979637,0.004814276821,0.01972152863,-0.01224813979,0
0,-0.003262979637,0.004814276821,0.01972152863,-0.01224813979,-0.005074030943,0
-0.003262979637,0.004814276821,0.01972152863,-0.01224813979,-0.005074030943,-0.008372169753,0
0.004814276821,0.01972152863,-0.01224813979,-0.005074030943,-0.008372169753,0.005432078288,0
0.01972152863,-0.01224813979,-0.005074030943,-0.008372169753,0.005432078288,-0.004252859325,0
-0.01224813979,-0.005074030943,-0.008372169753,0.005432078288,-0.004252859325,-0.001278350515,0
-0.005074030943,-0.008372169753,0.005432078288,-0.004252859325,-0.001278350515,-0.00008246742537,0
-0.008372169753,0.005432078288,-0.004252859325,-0.001278350515,-0.00008246742537,0.004098869706,0
0.005432078288,-0.004252859325,-0.001278350515,-0.00008246742537,0.004098869706,0.00499313444,0
-0.004252859325,-0.001278350515,-0.00008246742537,0.004098869706,0.00499313444,0.0004162677434,0
-0.001278350515,-0.00008246742537,0.004098869706,0.00499313444,0.0004162677434,0.005525093131,0
-0.00008246742537,0.004098869706,0.00499313444,0.0004162677434,0.005525093131,0.01160181225,0
0.004098869706,0.00499313444,0.0004162677434,0.005525093131,0.01160181225,0,0
0.00499313444,0.0004162677434,0.005525093131,0.01160181225,0,-0.02061043377,0
0.0004162677434,0.005525093131,0.01160181225,0,-0.02061043377,-0.0005802387268,0
0.005525093131,0.01160181225,0,-0.02061043377,-0.0005802387268,0.002617909828,0
0.01160181225,0,-0.02061043377,-0.0005802387268,0.002617909828,-0.005331900471,0
0,-0.02061043377,-0.0005802387268,0.002617909828,-0.005331900471,-0.001897689769,0
-0.02061043377,-0.0005802387268,0.002617909828,-0.005331900471,-0.001897689769,0.001652892562,0
-0.0005802387268,0.002617909828,-0.005331900471,-0.001897689769,0.001652892562,0.006529967142,0
0.002617909828,-0.005331900471,-0.001897689769,0.001652892562,0.006529967142,0.00008319121501,0
-0.005331900471,-0.001897689769,0.001652892562,0.006529967142,0.00008319121501,-0.003440557122,0
-0.001897689769,0.001652892562,0.006529967142,0.00008319121501,-0.003440557122,0.006256778176,0
0.001652892562,0.006529967142,0.00008319121501,-0.003440557122,0.006256778176,0.006338412459,0
0.006529967142,0.00008319121501,-0.003440557122,0.006256778176,0.006338412459,0,0
0.00008319121501,-0.003440557122,0.006256778176,0.006338412459,0,0.002145381121,0
-0.003440557122,0.006256778176,0.006338412459,0,0.002145381121,-0.007266349286,0
0.006256778176,0.006338412459,0,0.002145381121,-0.007266349286,-0.001376204179,0
0.006338412459,0,0.002145381121,-0.007266349286,-0.001376204179,-0.003490836554,0
0,0.002145381121,-0.007266349286,-0.001376204179,-0.003490836554,0,0
0.002145381121,-0.007266349286,-0.001376204179,-0.003490836554,0,-0.0002077447233,0
-0.007266349286,-0.001376204179,-0.003490836554,0,-0.0002077447233,0.003251354731,0
-0.001376204179,-0.003490836554,0,-0.0002077447233,0.003251354731,0.004522234319,0
-0.003490836554,0,-0.0002077447233,0.003251354731,0.004522234319,0.006532642138,0
0,-0.0002077447233,0.003251354731,0.004522234319,0.006532642138,0.005764910347,0
-0.0002077447233,0.003251354731,0.004522234319,0.006532642138,0.005764910347,0.007947019868,0
0.003251354731,0.004522234319,0.006532642138,0.005764910347,0.007947019868,-0.0115714346,0
0.004522234319,0.006532642138,0.005764910347,0.007947019868,-0.0115714346,-0.002359384875,0
0.006532642138,0.005764910347,0.007947019868,-0.0115714346,-0.002359384875,-0.0014304346,0
0.005764910347,0.007947019868,-0.0115714346,-0.002359384875,-0.0014304346,-0.01061438561,0
0.007947019868,-0.0115714346,-0.002359384875,-0.0014304346,-0.01061438561,0.002085592725,0
-0.0115714346,-0.002359384875,-0.0014304346,-0.01061438561,0.002085592725,0.006803292458,0
-0.002359384875,-0.0014304346,-0.01061438561,0.002085592725,0.006803292458,-0.0008811312046,0
-0.0014304346,-0.01061438561,0.002085592725,0.006803292458,-0.0008811312046,-0.003387137242,0
-0.01061438561,0.002085592725,0.006803292458,-0.0008811312046,-0.003387137242,0.002095206168,0
0.002085592725,0.006803292458,-0.0008811312046,-0.003387137242,0.002095206168,0.001132692872,0
0.006803292458,-0.0008811312046,-0.003387137242,0.002095206168,0.001132692872,0.003029665474,0
-0.0008811312046,-0.003387137242,0.002095206168,0.001132692872,0.003029665474,0.002488821395,0
-0.003387137242,0.002095206168,0.001132692872,0.003029665474,0.002488821395,-0.005203524969,0
0.002095206168,0.001132692872,0.003029665474,0.002488821395,-0.005203524969,0,0
0.001132692872,0.003029665474,0.002488821395,-0.005203524969,0,0.005357971565,0
0.003029665474,0.002488821395,-0.005203524969,0,0.005357971565,0.006924384027,0
0.002488821395,-0.005203524969,0,0.005357971565,0.006924384027,0.009131049856,0
-0.005203524969,0,0.005357971565,0.006924384027,0.009131049856,0.01549780158,0
0,0.005357971565,0.006924384027,0.009131049856,0.01549780158,0.009891849116,0
0.005357971565,0.006924384027,0.009131049856,0.01549780158,0.009891849116,-0.01540992122,0
0.006924384027,0.009131049856,0.01549780158,0.009891849116,-0.01540992122,0.003780143385,0
0.009131049856,0.01549780158,0.009891849116,-0.01540992122,0.003780143385,-0.008187890541,0
0.01549780158,0.009891849116,-0.01540992122,0.003780143385,-0.008187890541,-0.009095567512,0
0.009891849116,-0.01540992122,0.003780143385,-0.008187890541,-0.009095567512,-0.000256147541,0
-0.01540992122,0.003780143385,-0.008187890541,-0.009095567512,-0.000256147541,-0.01654211101,0
0.003780143385,-0.008187890541,-0.009095567512,-0.000256147541,-0.01654211101,0.0006722124191,0
-0.008187890541,-0.009095567512,-0.000256147541,-0.01654211101,0.0006722124191,0.002062897318,0
-0.009095567512,-0.000256147541,-0.01654211101,0.0006722124191,0.002062897318,0.01551945276,0
-0.000256147541,-0.01654211101,0.0006722124191,0.002062897318,0.01551945276,0.001369980307,0
-0.01654211101,0.0006722124191,0.002062897318,0.01551945276,0.001369980307,-0.01117602235,0
0.0006722124191,0.002062897318,0.01551945276,0.001369980307,-0.01117602235,0.003653976886,0
0.002062897318,0.01551945276,0.001369980307,-0.01117602235,0.003653976886,-0.01171530548,0
0.01551945276,0.001369980307,-0.01117602235,0.003653976886,-0.01171530548,0.001808850749,0
0.001369980307,-0.01117602235,0.003653976886,-0.01171530548,0.001808850749,0.002657218778,0
-0.01117602235,0.003653976886,-0.01171530548,0.001808850749,0.002657218778,-0.009897268855,0
0.003653976886,-0.01171530548,0.001808850749,0.002657218778,-0.009897268855,-0.0000417588842,0
-0.01171530548,0.001808850749,0.002657218778,-0.009897268855,-0.0000417588842,0.002302025783,0
0.001808850749,0.002657218778,-0.009897268855,-0.0000417588842,0.002302025783,0.01228709431,0
0.002657218778,-0.009897268855,-0.0000417588842,0.002302025783,0.01228709431,0.007943286642,0
-0.009897268855,-0.0000417588842,0.002302025783,0.01228709431,0.007943286642,0.005841924399,0
-0.0000417588842,0.002302025783,0.01228709431,0.007943286642,0.005841924399,-0.005298239617,0
0.002302025783,0.01228709431,0.007943286642,0.005841924399,-0.005298239617,0.00004272956459,0
0.01228709431,0.007943286642,0.005841924399,-0.005298239617,0.00004272956459,0.01066678183,0
0.007943286642,0.005841924399,-0.005298239617,0.00004272956459,0.01066678183,0.005296518191,0
0.005841924399,-0.005298239617,0.00004272956459,0.01066678183,0.005296518191,-0.006298533218,0
-0.005298239617,0.00004272956459,0.01066678183,0.005296518191,-0.006298533218,0.004115226337,0
0.00004272956459,0.01066678183,0.005296518191,-0.006298533218,0.004115226337,-0.00155702608,0
0.01066678183,0.005296518191,-0.006298533218,0.004115226337,-0.00155702608,0.0155934288,0
0.005296518191,-0.006298533218,0.004115226337,-0.00155702608,0.0155934288,-0.02696926956,0
-0.006298533218,0.004115226337,-0.00155702608,0.0155934288,-0.02696926956,-0.002727931461,0
0.004115226337,-0.00155702608,0.0155934288,-0.02696926956,-0.002727931461,0.005830653805,0
-0.00155702608,0.0155934288,-0.02696926956,-0.002727931461,0.005830653805,-0.003801144614,0
0.0155934288,-0.02696926956,-0.002727931461,0.005830653805,-0.003801144614,0.003686556927,0
-0.02696926956,-0.002727931461,0.005830653805,-0.003801144614,0.003686556927,-0.002693343594,0
-0.002727931461,0.005830653805,-0.003801144614,0.003686556927,-0.002693343594,0.0006416837782,0
0.005830653805,-0.003801144614,0.003686556927,-0.002693343594,0.0006416837782,0.003434065934,0
-0.003801144614,0.003686556927,-0.002693343594,0.0006416837782,0.003434065934,0.004181214708,0
0.003686556927,-0.002693343594,0.0006416837782,0.003434065934,0.004181214708,0.002679690539,0
-0.002693343594,0.0006416837782,0.003434065934,0.004181214708,0.002679690539,0.005912786401,0
0.0006416837782,0.003434065934,0.004181214708,0.002679690539,0.005912786401,-0.005017952156,0
0.003434065934,0.004181214708,0.002679690539,0.005912786401,-0.005017952156,-0.002846913687,0
0.004181214708,0.002679690539,0.005912786401,-0.005017952156,-0.002846913687,-0.005490969928,0
0.002679690539,0.005912786401,-0.005017952156,-0.002846913687,-0.005490969928,0.004481406472,0
0.005912786401,-0.005017952156,-0.002846913687,-0.005490969928,0.004481406472,0.004893045813,0
-0.005017952156,-0.002846913687,-0.005490969928,0.004481406472,0.004893045813,0.004829656703,0
-0.002846913687,-0.005490969928,0.004481406472,0.004893045813,0.004829656703,-0.0009563138448,0
-0.005490969928,0.004481406472,0.004893045813,0.004829656703,-0.0009563138448,-0.001259008422,0
0.004481406472,0.004893045813,0.004829656703,-0.0009563138448,-0.001259008422,0.004929976877,0
0.004893045813,0.004829656703,-0.0009563138448,-0.001259008422,0.004929976877,-0.0004360908813,0
0.004829656703,-0.0009563138448,-0.001259008422,0.004929976877,-0.0004360908813,0.008487993667,0
-0.0009563138448,-0.001259008422,0.004929976877,-0.0004360908813,0.008487993667,0.002999558888,0
-0.001259008422,0.004929976877,-0.0004360908813,0.008487993667,0.002999558888,0.002742392074,0
0.004929976877,-0.0004360908813,0.008487993667,0.002999558888,0.002742392074,0.002127659574,0
-0.0004360908813,0.008487993667,0.002999558888,0.002742392074,0.002127659574,-0.003005126392,0
0.008487993667,0.002999558888,0.002742392074,0.002127659574,-0.003005126392,0.008422835242,0
0.002999558888,0.002742392074,0.002127659574,-0.003005126392,0.008422835242,0.005106382979,0
0.002742392074,0.002127659574,-0.003005126392,0.008422835242,0.005106382979,0,0
0.002127659574,-0.003005126392,0.008422835242,0.005106382979,0,-0.006718277274,0
-0.003005126392,0.008422835242,0.005106382979,0,-0.006718277274,-0.006322118573,0
0.008422835242,0.005106382979,0,-0.006718277274,-0.006322118573,0.00319332949,0
0.005106382979,0,-0.006718277274,-0.006322118573,0.00319332949,0.002400746899,0
0,-0.006718277274,-0.006322118573,0.00319332949,0.002400746899,0.00419661592,0
-0.006718277274,-0.006322118573,0.00319332949,0.002400746899,0.00419661592,-0.004267615026,0
-0.006322118573,0.00319332949,0.002400746899,0.00419661592,-0.004267615026,0.01525477276,0
0.00319332949,0.002400746899,0.00419661592,-0.004267615026,0.01525477276,-0.00386638493,0
0.002400746899,0.00419661592,-0.004267615026,0.01525477276,-0.00386638493,-0.002421850473,0
0.00419661592,-0.004267615026,0.01525477276,-0.00386638493,-0.002421850473,-0.005796584474,0
-0.004267615026,0.01525477276,-0.00386638493,-0.002421850473,-0.005796584474,0,0
0.01525477276,-0.00386638493,-0.002421850473,-0.005796584474,0,-0.002668208298,0
-0.00386638493,-0.002421850473,-0.005796584474,0,-0.002668208298,0.0003558877174,0
-0.002421850473,-0.005796584474,0,-0.002668208298,0.0003558877174,0.003258055878,0
-0.005796584474,0,-0.002668208298,0.0003558877174,0.003258055878,0.01137492101,0
0,-0.002668208298,0.0003558877174,0.003258055878,0.01137492101,-0.002431556196,0
-0.002668208298,0.0003558877174,0.003258055878,0.01137492101,-0.002431556196,0.00789688663,0
0.0003558877174,0.003258055878,0.01137492101,-0.002431556196,0.00789688663,-0.0007709400934,0
0.003258055878,0.01137492101,-0.002431556196,0.00789688663,-0.0007709400934,0.007262927097,0
0.01137492101,-0.002431556196,0.00789688663,-0.0007709400934,0.007262927097,-0.004818619875,0
-0.002431556196,0.00789688663,-0.0007709400934,0.007262927097,-0.004818619875,0.01476150936,0
0.00789688663,-0.0007709400934,0.007262927097,-0.004818619875,0.01476150936,-0.01593354215,0
-0.0007709400934,0.007262927097,-0.004818619875,0.01476150936,-0.01593354215,-0.003618435931,0
0.007262927097,-0.004818619875,0.01476150936,-0.01593354215,-0.003618435931,-0.001264850702,0
-0.004818619875,0.01476150936,-0.01593354215,-0.003618435931,-0.001264850702,-0.002927664174,0
0.01476150936,-0.01593354215,-0.003618435931,-0.001264850702,-0.002927664174,0.0001801964141,0
-0.01593354215,-0.003618435931,-0.001264850702,-0.002927664174,0.0001801964141,0.004025509973,0
-0.003618435931,-0.001264850702,-0.002927664174,0.0001801964141,0.004025509973,0.0006789173531,0
-0.001264850702,-0.002927664174,0.0001801964141,0.004025509973,0.0006789173531,0.007845999453,0
-0.002927664174,0.0001801964141,0.004025509973,0.0006789173531,0.007845999453,0.0006390359686,0
0.0001801964141,0.004025509973,0.0006789173531,0.007845999453,0.0006390359686,0.001417013302,0
0.004025509973,0.0006789173531,0.007845999453,0.0006390359686,0.001417013302,0,0
0.0006789173531,0.007845999453,0.0006390359686,0.001417013302,0,0.005376838235,0
0.007845999453,0.0006390359686,0.001417013302,0,0.005376838235,0.003181042829,0
0.0006390359686,0.001417013302,0,0.005376838235,0.003181042829,-0.003857634902,0
0.001417013302,0,0.005376838235,0.003181042829,-0.003857634902,0.001379627501,0
0,0.005376838235,0.003181042829,-0.003857634902,0.001379627501,-0.00626085367,0
0.005376838235,0.003181042829,-0.003857634902,0.001379627501,-0.00626085367,0.002887391723,0
0.003181042829,-0.003857634902,0.001379627501,-0.00626085367,0.002887391723,0.006086595656,0
-0.003857634902,0.001379627501,-0.00626085367,0.002887391723,0.006086595656,-0.0007372252684,0
0.001379627501,-0.00626085367,0.002887391723,0.006086595656,-0.0007372252684,0,0
-0.00626085367,0.002887391723,0.006086595656,-0.0007372252684,0,-0.007817500229,0
0.002887391723,0.006086595656,-0.0007372252684,0,-0.007817500229,0.008483171969,0
0.006086595656,-0.0007372252684,0,-0.007817500229,0.008483171969,0.004771390189,0
-0.0007372252684,0,-0.007817500229,0.008483171969,0.004771390189,-0.001110545556,0
0,-0.007817500229,0.008483171969,0.004771390189,-0.001110545556,0.005256302912,0
-0.007817500229,0.008483171969,0.004771390189,-0.001110545556,0.005256302912,0.005284077625,0
0.008483171969,0.004771390189,-0.001110545556,0.005256302912,0.005284077625,0.008013198209,0
0.004771390189,-0.001110545556,0.005256302912,0.005284077625,0.008013198209,0.000047138682,0
-0.001110545556,0.005256302912,0.005284077625,0.008013198209,0.000047138682,0.01110528573,0
0.005256302912,0.005284077625,0.008013198209,0.000047138682,0.01110528573,0.00962417593,0
0.005284077625,0.008013198209,0.000047138682,0.01110528573,0.00962417593,0,0
0.008013198209,0.000047138682,0.01110528573,0.00962417593,0,-0.002112845138,0
0.000047138682,0.01110528573,0.00962417593,0,-0.002112845138,-0.0002880322596,0
0.01110528573,0.00962417593,0,-0.002112845138,-0.0002880322596,-0.008283741966,0
0.00962417593,0,-0.002112845138,-0.0002880322596,-0.008283741966,0.00951602826,0
0,-0.002112845138,-0.0002880322596,-0.008283741966,0.00951602826,-0.01112114443,0
-0.002112845138,-0.0002880322596,-0.008283741966,0.00951602826,-0.01112114443,0.003864503817,0
-0.0002880322596,-0.008283741966,0.00951602826,-0.01112114443,0.003864503817,-0.002759539442,0
-0.008283741966,0.00951602826,-0.01112114443,0.003864503817,-0.002759539442,0.005501602641,0
0.00951602826,-0.01112114443,0.003864503817,-0.002759539442,0.005501602641,0.0010056508,0
-0.01112114443,0.003864503817,-0.002759539442,0.005501602641,0.0010056508,0.01040305802,0
0.003864503817,-0.002759539442,0.005501602641,0.0010056508,0.01040305802,-0.005198555957,0
-0.002759539442,0.005501602641,0.0010056508,0.01040305802,-0.005198555957,0.0001444251878,0
0.005501602641,0.0010056508,0.01040305802,-0.005198555957,0.0001444251878,0.005810575247,0
0.0010056508,0.01040305802,-0.005198555957,0.0001444251878,0.005810575247,0.004230488694,0
0.01040305802,-0.005198555957,0.0001444251878,0.005810575247,0.004230488694,0,0
-0.005198555957,0.0001444251878,0.005810575247,0.004230488694,0,0.004003319826,0
0.0001444251878,0.005810575247,0.004230488694,0,0.004003319826,-0.005534786619,0
0.005810575247,0.004230488694,0,0.004003319826,-0.005534786619,0,0
0.004230488694,0,0.004003319826,-0.005534786619,0,0.02051231234,0
0,0.004003319826,-0.005534786619,0,0.02051231234,-0.006644354759,0
0.004003319826,-0.005534786619,0,0.02051231234,-0.006644354759,-0.0003935845715,0
-0.005534786619,0,0.02051231234,-0.006644354759,-0.0003935845715,-0.01611888281,1
0,0.02051231234,-0.006644354759,-0.0003935845715,-0.01611888281,-0.003857466609,0
0.02051231234,-0.006644354759,-0.0003935845715,-0.01611888281,-0.003857466609,0.001013611352,0
-0.006644354759,-0.0003935845715,-0.01611888281,-0.003857466609,0.001013611352,0.007145982208,1
-0.0003935845715,-0.01611888281,-0.003857466609,0.001013611352,0.007145982208,0.004394316684,1
-0.01611888281,-0.003857466609,0.001013611352,0.007145982208,0.004394316684,0.001075321374,1
-0.003857466609,0.001013611352,0.007145982208,0.004394316684,0.001075321374,0.007237101221,0
0.001013611352,0.007145982208,0.004394316684,0.001075321374,0.007237101221,0.03269103666,0
0.007145982208,0.004394316684,0.001075321374,0.007237101221,0.03269103666,-0.0005589430894,0
0.004394316684,0.001075321374,0.007237101221,0.03269103666,-0.0005589430894,0.005826433609,0
0.001075321374,0.007237101221,0.03269103666,-0.0005589430894,0.005826433609,0.004363225707,0
0.007237101221,0.03269103666,-0.0005589430894,0.005826433609,0.004363225707,-0.007691524042,0
0.03269103666,-0.0005589430894,0.005826433609,0.004363225707,-0.007691524042,-0.006326871489,1
-0.0005589430894,0.005826433609,0.004363225707,-0.007691524042,-0.006326871489,0.01474062661,1
0.005826433609,0.004363225707,-0.007691524042,-0.006326871489,0.01474062661,0.006305561298,1
0.004363225707,-0.007691524042,-0.006326871489,0.01474062661,0.006305561298,0.001552955793,1
-0.007691524042,-0.006326871489,0.01474062661,0.006305561298,0.001552955793,0.005831510986,1
-0.006326871489,0.01474062661,0.006305561298,0.001552955793,0.005831510986,0.0006773302767,1
0.01474062661,0.006305561298,0.001552955793,0.005831510986,0.0006773302767,0.007347924211,1
0.006305561298,0.001552955793,0.005831510986,0.0006773302767,0.007347924211,0.02024096386,1
0.001552955793,0.005831510986,0.0006773302767,0.007347924211,0.02024096386,0.01671385017,1
0.005831510986,0.0006773302767,0.007347924211,0.02024096386,0.01671385017,0.02511441009,1
0.0006773302767,0.007347924211,0.02024096386,0.01671385017,0.02511441009,0,1
0.007347924211,0.02024096386,0.01671385017,0.02511441009,0,-0.02348901848,1
0.02024096386,0.01671385017,0.02511441009,0,-0.02348901848,0.001364330932,1
0.01671385017,0.02511441009,0,-0.02348901848,0.001364330932,-0.02240717029,1
0.02511441009,0,-0.02348901848,0.001364330932,-0.02240717029,-0.001597954618,1
0,-0.02348901848,0.001364330932,-0.02240717029,-0.001597954618,0.0079458821,1
-0.02348901848,0.001364330932,-0.02240717029,-0.001597954618,0.0079458821,0.01809237497,1
0.001364330932,-0.02240717029,-0.001597954618,0.0079458821,0.01809237497,-0.03441178023,1
-0.02240717029,-0.001597954618,0.0079458821,0.01809237497,-0.03441178023,0.09513900931,1
-0.001597954618,0.0079458821,0.01809237497,-0.03441178023,0.09513900931,-0.01570233828,1
0.0079458821,0.01809237497,-0.03441178023,0.09513900931,-0.01570233828,-0.002327165399,1
0.01809237497,-0.03441178023,0.09513900931,-0.01570233828,-0.002327165399,-0.06277263539,1
-0.03441178023,0.09513900931,-0.01570233828,-0.002327165399,-0.06277263539,-0.04834708652,1
0.09513900931,-0.01570233828,-0.002327165399,-0.06277263539,-0.04834708652,0.006778797146,1
-0.01570233828,-0.002327165399,-0.06277263539,-0.04834708652,0.006778797146,0.003785940857,1
-0.002327165399,-0.06277263539,-0.04834708652,0.006778797146,0.003785940857,0.005659600741,1
-0.06277263539,-0.04834708652,0.006778797146,0.003785940857,0.005659600741,-0.01972058304,1
-0.04834708652,0.006778797146,0.003785940857,0.005659600741,-0.01972058304,-0.003267645285,1
0.006778797146,0.003785940857,0.005659600741,-0.01972058304,-0.003267645285,-0.01118457026,1
0.003785940857,0.005659600741,-0.01972058304,-0.003267645285,-0.01118457026,0.001643098984,1
0.005659600741,-0.01972058304,-0.003267645285,-0.01118457026,0.001643098984,0.01763275233,1
-0.01972058304,-0.003267645285,-0.01118457026,0.001643098984,0.01763275233,0.0008621126832,1
-0.003267645285,-0.01118457026,0.001643098984,0.01763275233,0.0008621126832,-0.002074898785,1
-0.01118457026,0.001643098984,0.01763275233,0.0008621126832,-0.002074898785,0.01079339097,1
0.001643098984,0.01763275233,0.0008621126832,-0.002074898785,0.01079339097,-0.01062806822,0
0.01763275233,0.0008621126832,-0.002074898785,0.01079339097,-0.01062806822,0.006520299526,0
0.0008621126832,-0.002074898785,0.01079339097,-0.01062806822,0.006520299526,0.02143711952,1
-0.002074898785,0.01079339097,-0.01062806822,0.006520299526,0.02143711952,-0.01380336617,1
0.01079339097,-0.01062806822,0.006520299526,0.02143711952,-0.01380336617,0.00489867478,1
-0.01062806822,0.006520299526,0.02143711952,-0.01380336617,0.00489867478,-0.007523029683,1
0.006520299526,0.02143711952,-0.01380336617,0.00489867478,-0.007523029683,-0.02679549756,1
0.02143711952,-0.01380336617,0.00489867478,-0.007523029683,-0.02679549756,0.005659904833,1
-0.01380336617,0.00489867478,-0.007523029683,-0.02679549756,0.005659904833,-0.0178088257,1
0.00489867478,-0.007523029683,-0.02679549756,0.005659904833,-0.0178088257,0.01119291613,1
-0.007523029683,-0.02679549756,0.005659904833,-0.0178088257,0.01119291613,-0.01218673219,1
-0.02679549756,0.005659904833,-0.0178088257,0.01119291613,-0.01218673219,-0.0175252257,1
0.005659904833,-0.0178088257,0.01119291613,-0.01218673219,-0.0175252257,0.01599058223,0
-0.0178088257,0.01119291613,-0.01218673219,-0.0175252257,0.01599058223,-0.01588144429,0
0.01119291613,-0.01218673219,-0.0175252257,0.01599058223,-0.01588144429,0.0001931247586,0
-0.01218673219,-0.0175252257,0.01599058223,-0.01588144429,0.0001931247586,-0.004709274387,0
-0.0175252257,0.01599058223,-0.01588144429,0.0001931247586,-0.004709274387,-0.004925166165,0
0.01599058223,-0.01588144429,0.0001931247586,-0.004709274387,-0.004925166165,-0.01701527615,0
-0.01588144429,0.0001931247586,-0.004709274387,-0.004925166165,-0.01701527615,-0.004212497075,0
0.0001931247586,-0.004709274387,-0.004925166165,-0.01701527615,-0.004212497075,0.002392793469,0
-0.004709274387,-0.004925166165,-0.01701527615,-0.004212497075,0.002392793469,0,0
-0.004925166165,-0.01701527615,-0.004212497075,0.002392793469,0,0.002587139564,0
-0.01701527615,-0.004212497075,0.002392793469,0,0.002587139564,0.0001881910139,0
-0.004212497075,0.002392793469,0,0.002587139564,0.0001881910139,0.01041072447,0
0.002392793469,0,0.002587139564,0.0001881910139,0.01041072447,-0.00260774738,0
0,0.002587139564,0.0001881910139,0.01041072447,-0.00260774738,0.0003794526396,0
0.002587139564,0.0001881910139,0.01041072447,-0.00260774738,0.0003794526396,0.006829035339,0
0.0001881910139,0.01041072447,-0.00260774738,0.0003794526396,0.006829035339,-0.009413879559,0
0.01041072447,-0.00260774738,0.0003794526396,0.006829035339,-0.009413879559,0.003655873136,0
-0.00260774738,0.0003794526396,0.006829035339,-0.009413879559,0.003655873136,0.00395633729,0
0.0003794526396,0.006829035339,-0.009413879559,0.003655873136,0.00395633729,0.007201497912,0
0.006829035339,-0.009413879559,0.003655873136,0.00395633729,0.007201497912,-0.007528470005,0
-0.009413879559,0.003655873136,0.00395633729,0.007201497912,-0.007528470005,-0.004978190783,0
0.003655873136,0.00395633729,0.007201497912,-0.007528470005,-0.004978190783,0.005290500929,0
0.00395633729,0.007201497912,-0.007528470005,-0.004978190783,0.005290500929,-0.004696394687,0
0.007201497912,-0.007528470005,-0.004978190783,0.005290500929,-0.004696394687,0.009240197252,0
-0.007528470005,-0.004978190783,0.005290500929,-0.004696394687,0.009240197252,-0.01457822231,0
-0.004978190783,0.005290500929,-0.004696394687,0.009240197252,-0.01457822231,-0.002775817455,0
0.005290500929,-0.004696394687,0.009240197252,-0.01457822231,-0.002775817455,0.005344811276,0
-0.004696394687,0.009240197252,-0.01457822231,-0.002775817455,0.005344811276,0.006139056774,0
0.009240197252,-0.01457822231,-0.002775817455,0.005344811276,0.006139056774,0,0
-0.01457822231,-0.002775817455,0.005344811276,0.006139056774,0,0.008785405665,0
-0.002775817455,0.005344811276,0.006139056774,0,0.008785405665,0.01003733695,0
0.005344811276,0.006139056774,0,0.008785405665,0.01003733695,-0.002128997919,0
0.006139056774,0,0.008785405665,0.01003733695,-0.002128997919,0.01843000049,0
0,0.008785405665,0.01003733695,-0.002128997919,0.01843000049,0.001134681796,0
0.008785405665,0.01003733695,-0.002128997919,0.01843000049,0.001134681796,0.001581183911,0
0.01003733695,-0.002128997919,0.01843000049,0.001134681796,0.001581183911,0,0
-0.002128997919,0.01843000049,0.001134681796,0.001581183911,0,-0.01523040241,0
0.01843000049,0.001134681796,0.001581183911,0,-0.01523040241,0.001608343893,0
0.001134681796,0.001581183911,0,-0.01523040241,0.001608343893,-0.01108540582,0
0.001581183911,0,-0.01523040241,0.001608343893,-0.01108540582,0.005622334238,0
0,-0.01523040241,0.001608343893,-0.01108540582,0.005622334238,0.01266319819,0
-0.01523040241,0.001608343893,-0.01108540582,0.005622334238,0.01266319819,0,0
0.001608343893,-0.01108540582,0.005622334238,0.01266319819,0,-0.002203829766,0
-0.01108540582,0.005622334238,0.01266319819,0,-0.002203829766,-0.004194099,0
0.005622334238,0.01266319819,0,-0.002203829766,-0.004194099,-0.01071066725,0
0.01266319819,0,-0.002203829766,-0.004194099,-0.01071066725,-0.01097485327,0
0,-0.002203829766,-0.004194099,-0.01071066725,-0.01097485327,0,0
-0.002203829766,-0.004194099,-0.01071066725,-0.01097485327,0,-0.0002862185756,0
-0.004194099,-0.01071066725,-0.01097485327,0,-0.0002862185756,0.01104466094,0
-0.01071066725,-0.01097485327,0,-0.0002862185756,0.01104466094,0.007336151193,0
-0.01097485327,0,-0.0002862185756,0.01104466094,0.007336151193,0.00739036805,0
0,-0.0002862185756,0.01104466094,0.007336151193,0.00739036805,-0.000880195599,0
-0.0002862185756,0.01104466094,0.007336151193,0.00739036805,-0.000880195599,-0.02947178587,0
0.01104466094,0.007336151193,0.00739036805,-0.000880195599,-0.02947178587,-0.003876518697,0
0.007336151193,0.00739036805,-0.000880195599,-0.02947178587,-0.003876518697,0.003939250119,0
0.00739036805,-0.000880195599,-0.02947178587,-0.003876518697,0.003939250119,0.00009493070059,0
-0.000880195599,-0.02947178587,-0.003876518697,0.003939250119,0.00009493070059,-0.005381928052,0
-0.02947178587,-0.003876518697,0.003939250119,0.00009493070059,-0.005381928052,0.00818657782,0
-0.003876518697,0.003939250119,0.00009493070059,-0.005381928052,0.00818657782,-0.002989607555,0
0.003939250119,0.00009493070059,-0.005381928052,0.00818657782,-0.002989607555,-0.005990566038,0
0.00009493070059,-0.005381928052,0.00818657782,-0.002989607555,-0.005990566038,0.002601087728,0
-0.005381928052,0.00818657782,-0.002989607555,-0.005990566038,0.002601087728,-0.001793891328,0
0.00818657782,-0.002989607555,-0.005990566038,0.002601087728,-0.001793891328,0.006079316077,0
-0.002989607555,-0.005990566038,0.002601087728,-0.001793891328,0.006079316077,0.0004751722499,0
-0.005990566038,0.002601087728,-0.001793891328,0.006079316077,0.0004751722499,0.002572531085,0
0.002601087728,-0.001793891328,0.006079316077,0.0004751722499,0.002572531085,0,0
-0.001793891328,0.006079316077,0.0004751722499,0.002572531085,0,0.005701418168,0
0.006079316077,0.0004751722499,0.002572531085,0,0.005701418168,-0.003770703069,0
0.0004751722499,0.002572531085,0,0.005701418168,-0.003770703069,0.005808929429,0
0.002572531085,0,0.005701418168,-0.003770703069,0.005808929429,0.003033659171,0
0,0.005701418168,-0.003770703069,0.005808929429,0.003033659171,0.003479101232,0
0.005701418168,-0.003770703069,0.005808929429,0.003033659171,0.003479101232,0.005490234185,0
-0.003770703069,0.005808929429,0.003033659171,0.003479101232,0.005490234185,0.00004858850396,0
0.005808929429,0.003033659171,0.003479101232,0.005490234185,0.00004858850396,0.004000195131,0
0.003033659171,0.003479101232,0.005490234185,0.00004858850396,0.004000195131,0.004065438871,0
0.003479101232,0.005490234185,0.00004858850396,0.004000195131,0.004065438871,-0.01305230591,0
0.005490234185,0.00004858850396,0.004000195131,0.004065438871,-0.01305230591,-0.005958673715,0
0.00004858850396,0.004000195131,0.004065438871,-0.01305230591,-0.005958673715,0.0002884060758,0
0.004000195131,0.004065438871,-0.01305230591,-0.005958673715,0.0002884060758,-0.002827972966,0
0.004065438871,-0.01305230591,-0.005958673715,0.0002884060758,-0.002827972966,0.0009595547666,0
-0.01305230591,-0.005958673715,0.0002884060758,-0.002827972966,0.0009595547666,0.003949713405,0
-0.005958673715,0.0002884060758,-0.002827972966,0.0009595547666,0.003949713405,0.007473188722,0
0.0002884060758,-0.002827972966,0.0009595547666,0.003949713405,0.007473188722,0.0252748893,0
-0.002827972966,0.0009595547666,0.003949713405,0.007473188722,0.0252748893,0.01228909595,0
0.0009595547666,0.003949713405,0.007473188722,0.0252748893,0.01228909595,-0.002762430939,0
0.003949713405,0.007473188722,0.0252748893,0.01228909595,-0.002762430939,0.004135565866,0
0.007473188722,0.0252748893,0.01228909595,-0.002762430939,0.004135565866,-0.01851301851,0
0.0252748893,0.01228909595,-0.002762430939,0.004135565866,-0.01851301851,-0.003305540481,0
0.01228909595,-0.002762430939,0.004135565866,-0.01851301851,-0.003305540481,0.001630757067,0
-0.002762430939,0.004135565866,-0.01851301851,-0.003305540481,0.001630757067,0.002675651571,0
0.004135565866,-0.01851301851,-0.003305540481,0.001630757067,0.002675651571,-0.0002972062611,0
-0.01851301851,-0.003305540481,0.001630757067,0.002675651571,-0.0002972062611,0.002134524696,0
-0.003305540481,0.001630757067,0.002675651571,-0.0002972062611,0.002134524696,-0.009148590822,0
0.001630757067,0.002675651571,-0.0002972062611,0.002134524696,-0.009148590822,-0.0004916179146,0
0.002675651571,-0.0002972062611,0.002134524696,-0.009148590822,-0.0004916179146,-0.001766697747,0
-0.0002972062611,0.002134524696,-0.009148590822,-0.0004916179146,-0.001766697747,0.003990934174,0
0.002134524696,-0.009148590822,-0.0004916179146,-0.001766697747,0.003990934174,-0.0001477905316,0
-0.009148590822,-0.0004916179146,-0.001766697747,0.003990934174,-0.0001477905316,0.0047020392,0
-0.0004916179146,-0.001766697747,0.003990934174,-0.0001477905316,0.0047020392,-0.007515842216,0
-0.001766697747,0.003990934174,-0.0001477905316,0.0047020392,-0.007515842216,0.007672507673,0
0.003990934174,-0.0001477905316,0.0047020392,-0.007515842216,0.007672507673,0.006075697211,0
-0.0001477905316,0.0047020392,-0.007515842216,0.007672507673,0.006075697211,-0.001888855751,0
0.0047020392,-0.007515842216,0.007672507673,0.006075697211,-0.001888855751,0.007108530236,0
-0.007515842216,0.007672507673,0.006075697211,-0.001888855751,0.007108530236,0.009704811969,0
0.007672507673,0.006075697211,-0.001888855751,0.007108530236,0.009704811969,-0.009561952441,0
0.006075697211,-0.001888855751,0.007108530236,0.009704811969,-0.009561952441,0.005942488795,0
-0.001888855751,0.007108530236,0.009704811969,-0.009561952441,0.005942488795,-0.001709315771,0
0.007108530236,0.009704811969,-0.009561952441,0.005942488795,-0.001709315771,0.0002011364208,0
0.009704811969,-0.009561952441,0.005942488795,-0.001709315771,0.0002011364208,-0.009266178449,0
-0.009561952441,0.005942488795,-0.001709315771,0.0002011364208,-0.009266178449,0.004302796818,0
0.005942488795,-0.001709315771,0.0002011364208,-0.009266178449,0.004302796818,-0.001199340363,0
-0.001709315771,0.0002011364208,-0.009266178449,0.004302796818,-0.001199340363,0.004064224787,0
0.0002011364208,-0.009266178449,0.004302796818,-0.001199340363,0.004064224787,-0.001853057545,0
-0.009266178449,0.004302796818,-0.001199340363,0.004064224787,-0.001853057545,0.002510418236,0
0.004302796818,-0.001199340363,0.004064224787,-0.001853057545,0.002510418236,0.002819596194,0
-0.001199340363,0.004064224787,-0.001853057545,0.002510418236,0.002819596194,-0.001909643701,0
0.004064224787,-0.001853057545,0.002510418236,0.002819596194,-0.001909643701,0.01701931923,0
-0.001853057545,0.002510418236,0.002819596194,-0.001909643701,0.01701931923,-0.002853939456,0
0.002510418236,0.002819596194,-0.001909643701,0.01701931923,-0.002853939456,0.0002548809706,0
0.002819596194,-0.001909643701,0.01701931923,-0.002853939456,0.0002548809706,0.001480498264,0
-0.001909643701,0.01701931923,-0.002853939456,0.0002548809706,0.001480498264,0.005544147844,0
0.01701931923,-0.002853939456,0.0002548809706,0.001480498264,0.005544147844,0.007551463743,0
-0.002853939456,0.0002548809706,0.001480498264,0.005544147844,0.007551463743,0.01066387872,0
0.0002548809706,0.001480498264,0.005544147844,0.007551463743,0.01066387872,0.004463113678,0
0.001480498264,0.005544147844,0.007551463743,0.01066387872,0.004463113678,0.01168658699,0
0.005544147844,0.007551463743,0.01066387872,0.004463113678,0.01168658699,-0.01712525453,0
0.007551463743,0.01066387872,0.004463113678,0.01168658699,-0.01712525453,-0.002967204581,0
0.01066387872,0.004463113678,0.01168658699,-0.01712525453,-0.002967204581,-0.001559251559,0
0.004463113678,0.01168658699,-0.01712525453,-0.002967204581,-0.001559251559,0,0
0.01168658699,-0.01712525453,-0.002967204581,-0.001559251559,0,-0.02106441437,0
-0.01712525453,-0.002967204581,-0.001559251559,0,-0.02106441437,0.01022873297,0
-0.002967204581,-0.001559251559,0,-0.02106441437,0.01022873297,0,0
-0.001559251559,0,-0.02106441437,0.01022873297,0,-0.005977927652,0
0,-0.02106441437,0.01022873297,0,-0.005977927652,0.001688929833,0
-0.02106441437,0.01022873297,0,-0.005977927652,0.001688929833,-0.003112244898,0
0.01022873297,0,-0.005977927652,0.001688929833,-0.003112244898,0.01150848945,0
0,-0.005977927652,0.001688929833,-0.003112244898,0.01150848945,-0.008950490998,0
-0.005977927652,0.001688929833,-0.003112244898,0.01150848945,-0.008950490998,0.004314772961,0
0.001688929833,-0.003112244898,0.01150848945,-0.008950490998,0.004314772961,-0.001999282309,0
-0.003112244898,0.01150848945,-0.008950490998,0.004314772961,-0.001999282309,0.009835895843,0
0.01150848945,-0.008950490998,0.004314772961,-0.001999282309,0.009835895843,0.002126997302,0
-0.008950490998,0.004314772961,-0.001999282309,0.009835895843,0.002126997302,0.01645222527,0
0.004314772961,-0.001999282309,0.009835895843,0.002126997302,0.01645222527,0.003864273993,0
-0.001999282309,0.009835895843,0.002126997302,0.01645222527,0.003864273993,0.01684788459,0
0.009835895843,0.002126997302,0.01645222527,0.003864273993,0.01684788459,0.0001615074024,0
0.002126997302,0.01645222527,0.003864273993,0.01684788459,0.0001615074024,0.004814454182,0
0.01645222527,0.003864273993,0.01684788459,0.0001615074024,0.004814454182,0.02302158273,0
0.003864273993,0.01684788459,0.0001615074024,0.004814454182,0.02302158273,-0.007688083471,0
0.01684788459,0.0001615074024,0.004814454182,0.02302158273,-0.007688083471,0.01037563114,0
0.0001615074024,0.004814454182,0.02302158273,-0.007688083471,0.01037563114,-0.02992626083,0
0.004814454182,0.02302158273,-0.007688083471,0.01037563114,-0.02992626083,-0.01838643208,0
0.02302158273,-0.007688083471,0.01037563114,-0.02992626083,-0.01838643208,-0.01365365574,0
-0.007688083471,0.01037563114,-0.02992626083,-0.01838643208,-0.01365365574,0.01588225952,0
0.01037563114,-0.02992626083,-0.01838643208,-0.01365365574,0.01588225952,-0.004951798978,0
-0.02992626083,-0.01838643208,-0.01365365574,0.01588225952,-0.004951798978,0.0008435704118,0
-0.01838643208,-0.01365365574,0.01588225952,-0.004951798978,0.0008435704118,0.01114191278,0
-0.01365365574,0.01588225952,-0.004951798978,0.0008435704118,0.01114191278,-0.005144523999,0
0.01588225952,-0.004951798978,0.0008435704118,0.01114191278,-0.005144523999,-0.023107611,0
-0.004951798978,0.0008435704118,0.01114191278,-0.005144523999,-0.023107611,-0.001551911438,0
0.0008435704118,0.01114191278,-0.005144523999,-0.023107611,-0.001551911438,0.01082409538,0
0.01114191278,-0.005144523999,-0.023107611,-0.001551911438,0.01082409538,-0.007112818649,0
-0.005144523999,-0.023107611,-0.001551911438,0.01082409538,-0.007112818649,-0.007778693592,0
-0.023107611,-0.001551911438,0.01082409538,-0.007112818649,-0.007778693592,-0.01391852078,0
-0.001551911438,0.01082409538,-0.007112818649,-0.007778693592,-0.01391852078,0.006390266346,0
0.01082409538,-0.007112818649,-0.007778693592,-0.01391852078,0.006390266346,0.002922477441,0
-0.007112818649,-0.007778693592,-0.01391852078,0.006390266346,0.002922477441,0.005516316956,0
-0.007778693592,-0.01391852078,0.006390266346,0.002922477441,0.005516316956,-0.008738757155,0
-0.01391852078,0.006390266346,0.002922477441,0.005516316956,-0.008738757155,0.01032631144,0
0.006390266346,0.002922477441,0.005516316956,-0.008738757155,0.01032631144,0.000775073632,0
0.002922477441,0.005516316956,-0.008738757155,0.01032631144,0.000775073632,0.001034500595,0
0.005516316956,-0.008738757155,0.01032631144,0.000775073632,0.001034500595,0,0
-0.008738757155,0.01032631144,0.000775073632,0.001034500595,0,0.002385026183,0
0.01032631144,0.000775073632,0.001034500595,0,0.002385026183,0.005107092605,0
0.000775073632,0.001034500595,0,0.002385026183,0.005107092605,0.00618740496,0
0.001034500595,0,0.002385026183,0.005107092605,0.00618740496,0.002681388013,0
0,0.002385026183,0.005107092605,0.00618740496,0.002681388013,-0.003927729772,0
0.002385026183,0.005107092605,0.00618740496,0.002681388013,-0.003927729772,0.0008910787294,0
0.005107092605,0.00618740496,0.002681388013,-0.003927729772,0.0008910787294,0.001574968501,0
0.00618740496,0.002681388013,-0.003927729772,0.0008910787294,0.001574968501,0.003952985822,0
0.002681388013,-0.003927729772,0.0008910787294,0.001574968501,0.003952985822,-0.002995270625,0
-0.003927729772,0.0008910787294,0.001574968501,0.003952985822,-0.002995270625,-0.001521590849,0
0.0008910787294,0.001574968501,0.003952985822,-0.002995270625,-0.001521590849,0,0
0.001574968501,0.003952985822,-0.002995270625,-0.001521590849,0,-0.002512168315,0
0.003952985822,-0.002995270625,-0.001521590849,0,-0.002512168315,0.002571098751,0
-0.002995270625,-0.001521590849,0,-0.002512168315,0.002571098751,0.007773253662,0
-0.001521590849,0,-0.002512168315,0.002571098751,0.007773253662,-0.0001586126679,0
0,-0.002512168315,0.002571098751,0.007773253662,-0.0001586126679,0.002331743508,0
-0.002512168315,0.002571098751,0.007773253662,-0.0001586126679,0.002331743508,0.008551576697,0
0.002571098751,0.007773253662,-0.0001586126679,0.002331743508,0.008551576697,0.002733265448,0
0.007773253662,-0.0001586126679,0.002331743508,0.008551576697,0.002733265448,0.002632993015,0
-0.0001586126679,0.002331743508,0.008551576697,0.002733265448,0.002632993015,-0.0009126536748,0
0.002331743508,0.008551576697,0.002733265448,0.002632993015,-0.0009126536748,-0.0002146959369,0
0.008551576697,0.002733265448,0.002632993015,-0.0009126536748,-0.0002146959369,0.01189441668,0
0.002733265448,0.002632993015,-0.0009126536748,-0.0002146959369,0.01189441668,0.001523063534,0
0.002632993015,-0.0009126536748,-0.0002146959369,0.01189441668,0.001523063534,0.001252655084,0
-0.0009126536748,-0.0002146959369,0.01189441668,0.001523063534,0.001252655084,0.008126063801,0
-0.0002146959369,0.01189441668,0.001523063534,0.001252655084,0.008126063801,-0.005894874734,0
0.01189441668,0.001523063534,0.001252655084,0.008126063801,-0.005894874734,-0.007314694408,0
0.001523063534,0.001252655084,0.008126063801,-0.005894874734,-0.007314694408,0,0
0.001252655084,0.008126063801,-0.005894874734,-0.007314694408,0,0.000216778669,0
0.008126063801,-0.005894874734,-0.007314694408,0,0.000216778669,0.007040331823,0
-0.005894874734,-0.007314694408,0,0.000216778669,0.007040331823,-0.007367679723,0
-0.007314694408,0,0.000216778669,0.007040331823,-0.007367679723,-0.002701388514,0
0,0.000216778669,0.007040331823,-0.007367679723,-0.002701388514,0.002545769689,0
0.000216778669,0.007040331823,-0.007367679723,-0.002701388514,0.002545769689,0.00103020116,0
0.007040331823,-0.007367679723,-0.002701388514,0.002545769689,0.00103020116,0.001194289127,0
-0.007367679723,-0.002701388514,0.002545769689,0.00103020116,0.001194289127,-0.001896402254,0
-0.002701388514,0.002545769689,0.00103020116,0.001194289127,-0.001896402254,0.0118975821,0
0.002545769689,0.00103020116,0.001194289127,-0.001896402254,0.0118975821,0.005014326648,0
0.00103020116,0.001194289127,-0.001896402254,0.0118975821,0.005014326648,-0.0002203613927,0
0.001194289127,-0.001896402254,0.0118975821,0.005014326648,-0.0002203613927,0.001766004415,0
-0.001896402254,0.0118975821,0.005014326648,-0.0002203613927,0.001766004415,0.005326231691,0
0.0118975821,0.005014326648,-0.0002203613927,0.001766004415,0.005326231691,-0.00005547850208,0
0.005014326648,-0.0002203613927,0.001766004415,0.005326231691,-0.00005547850208,0.001444524696,0
-0.0002203613927,0.001766004415,0.005326231691,-0.00005547850208,0.001444524696,0.01032837496,0
0.001766004415,0.005326231691,-0.00005547850208,0.001444524696,0.01032837496,0.01261865515,0
0.005326231691,-0.00005547850208,0.001444524696,0.01032837496,0.01261865515,0.00912011013,0
-0.00005547850208,0.001444524696,0.01032837496,0.01261865515,0.00912011013,-0.003429747342,0
0.001444524696,0.01032837496,0.01261865515,0.00912011013,-0.003429747342,-0.01569796883,0
0.01032837496,0.01261865515,0.00912011013,-0.003429747342,-0.01569796883,0.003217430571,0
0.01261865515,0.00912011013,-0.003429747342,-0.01569796883,0.003217430571,0.01026459854,0
0.00912011013,-0.003429747342,-0.01569796883,0.003217430571,0.01026459854,-0.00459783164,0
-0.003429747342,-0.01569796883,0.003217430571,0.01026459854,-0.00459783164,0.0002271049793,0
-0.01569796883,0.003217430571,0.01026459854,-0.00459783164,0.0002271049793,0.01200873362,0
0.003217430571,0.01026459854,-0.00459783164,0.0002271049793,0.01200873362,0.008693636258,0
0.01026459854,-0.00459783164,0.0002271049793,0.01200873362,0.008693636258,-0.008675667912,0
-0.00459783164,0.0002271049793,0.01200873362,0.008693636258,-0.008675667912,-0.002178524336,0
0.0002271049793,0.01200873362,0.008693636258,-0.008675667912,-0.002178524336,-0.005756953944,0
0.01200873362,0.008693636258,-0.008675667912,-0.002178524336,-0.005756953944,-0.00204778157,0
0.008693636258,-0.008675667912,-0.002178524336,-0.005756953944,-0.00204778157,-0.0120265258,0
-0.008675667912,-0.002178524336,-0.005756953944,-0.00204778157,-0.0120265258,-0.01445582941,0
-0.002178524336,-0.005756953944,-0.00204778157,-0.0120265258,-0.01445582941,0.007477261314,0
-0.005756953944,-0.00204778157,-0.0120265258,-0.01445582941,0.007477261314,-0.009396937704,0
-0.00204778157,-0.0120265258,-0.01445582941,0.007477261314,-0.009396937704,0.0015501301,0
-0.0120265258,-0.01445582941,0.007477261314,-0.009396937704,0.0015501301,-0.000332060435,0
-0.01445582941,0.007477261314,-0.009396937704,0.0015501301,-0.000332060435,0.007977239763,0
0.007477261314,-0.009396937704,0.0015501301,-0.000332060435,0.007977239763,-0.01217832149,0
-0.009396937704,0.0015501301,-0.000332060435,0.007977239763,-0.01217832149,0.001158556769,0
0.0015501301,-0.000332060435,0.007977239763,-0.01217832149,0.001158556769,-0.007229707525,0
-0.000332060435,0.007977239763,-0.01217832149,0.001158556769,-0.007229707525,0,0
0.007977239763,-0.01217832149,0.001158556769,-0.007229707525,0,-0.002022410495,0
-0.01217832149,0.001158556769,-0.007229707525,0,-0.002022410495,0.001149173689,0
0.001158556769,-0.007229707525,0,-0.002022410495,0.001149173689,0.008721572091,0
-0.007229707525,0,-0.002022410495,0.001149173689,0.008721572091,-0.002752394583,0
0,-0.002022410495,0.001149173689,0.008721572091,-0.002752394583,-0.00307320821,0
-0.002022410495,0.001149173689,0.008721572091,-0.002752394583,-0.00307320821,-0.001370088234,0
0.001149173689,0.008721572091,-0.002752394583,-0.00307320821,-0.001370088234,0.003299059768,0
0.008721572091,-0.002752394583,-0.00307320821,-0.001370088234,0.003299059768,0.008987517337,0
-0.002752394583,-0.00307320821,-0.001370088234,0.003299059768,0.008987517337,0.005691011549,0
-0.00307320821,-0.001370088234,0.003299059768,0.008987517337,0.005691011549,0.006288248835,0
-0.001370088234,0.003299059768,0.008987517337,0.005691011549,0.006288248835,-0.006415262747,0
0.003299059768,0.008987517337,0.005691011549,0.006288248835,-0.006415262747,-0.002615033662,0
0.008987517337,0.005691011549,0.006288248835,-0.006415262747,-0.002615033662,-0.001888154607,0
0.005691011549,0.006288248835,-0.006415262747,-0.002615033662,-0.001888154607,0.01123153816,0
0.006288248835,-0.006415262747,-0.002615033662,-0.001888154607,0.01123153816,-0.001121893757,0
-0.006415262747,-0.002615033662,-0.001888154607,0.01123153816,-0.001121893757,-0.006464916681,0
-0.002615033662,-0.001888154607,0.01123153816,-0.001121893757,-0.006464916681,0.01041783985,0
-0.001888154607,0.01123153816,-0.001121893757,-0.006464916681,0.01041783985,0.005207743688,0
0.01123153816,-0.001121893757,-0.006464916681,0.01041783985,0.005207743688,-0.01014176052,0
-0.001121893757,-0.006464916681,0.01041783985,0.005207743688,-0.01014176052,-0.001175285426,0
-0.006464916681,0.01041783985,0.005207743688,-0.01014176052,-0.001175285426,0.008067700987,0
0.01041783985,0.005207743688,-0.01014176052,-0.001175285426,0.008067700987,0.005445572636,0
0.005207743688,-0.01014176052,-0.001175285426,0.008067700987,0.005445572636,-0.001585773348,0
-0.01014176052,-0.001175285426,0.008067700987,0.005445572636,-0.001585773348,0.00175876546,0
-0.001175285426,0.008067700987,0.005445572636,-0.001585773348,0.00175876546,-0.003786808342,0
0.008067700987,0.005445572636,-0.001585773348,0.00175876546,-0.003786808342,0.0003957932828,0
0.005445572636,-0.001585773348,0.00175876546,-0.003786808342,0.0003957932828,0.02119059992,0
-0.001585773348,0.00175876546,-0.003786808342,0.0003957932828,0.02119059992,0.001271896861,0
0.00175876546,-0.003786808342,0.0003957932828,0.02119059992,0.001271896861,0,0
-0.003786808342,0.0003957932828,0.02119059992,0.001271896861,0,-0.005976668008,0
0.0003957932828,0.02119059992,0.001271896861,0,-0.005976668008,-0.004633337147,0
0.02119059992,0.001271896861,0,-0.005976668008,-0.004633337147,0.006042469932,0
0.001271896861,0,-0.005976668008,-0.004633337147,0.006042469932,0.009762333663,0
0,-0.005976668008,-0.004633337147,0.006042469932,0.009762333663,-0.01352823158,0
-0.005976668008,-0.004633337147,0.006042469932,0.009762333663,-0.01352823158,-0.0009735425495,0
-0.004633337147,0.006042469932,0.009762333663,-0.01352823158,-0.0009735425495,0.005875576037,0
0.006042469932,0.009762333663,-0.01352823158,-0.0009735425495,0.005875576037,0.0006917223887,0
0.009762333663,-0.01352823158,-0.0009735425495,0.005875576037,0.0006917223887,0.008252935023,0
-0.01352823158,-0.0009735425495,0.005875576037,0.0006917223887,0.008252935023,0.00233018758,0
-0.0009735425495,0.005875576037,0.0006917223887,0.008252935023,0.00233018758,-0.003193775042,0
0.005875576037,0.0006917223887,0.008252935023,0.00233018758,-0.003193775042,0.01074069726,0
0.0006917223887,0.008252935023,0.00233018758,-0.003193775042,0.01074069726,0.01253937125,0
0.008252935023,0.00233018758,-0.003193775042,0.01074069726,0.01253937125,-0.01607999064,0
0.00233018758,-0.003193775042,0.01074069726,0.01253937125,-0.01607999064,-0.0005259774414,0
-0.003193775042,0.01074069726,0.01253937125,-0.01607999064,-0.0005259774414,0.007596278412,0
0.01074069726,0.01253937125,-0.01607999064,-0.0005259774414,0.007596278412,-0.0006473253693,0
0.01253937125,-0.01607999064,-0.0005259774414,0.007596278412,-0.0006473253693,0.00532449861,0
-0.01607999064,-0.0005259774414,0.007596278412,-0.0006473253693,0.00532449861,0.0008289419149,0
-0.0005259774414,0.007596278412,-0.0006473253693,0.00532449861,0.0008289419149,0.002909738717,0
0.007596278412,-0.0006473253693,0.00532449861,0.0008289419149,0.002909738717,0.00220198774,0
-0.0006473253693,0.00532449861,0.0008289419149,0.002909738717,0.00220198774,0.01235088565,0
0.00532449861,0.0008289419149,0.002909738717,0.00220198774,0.01235088565,0.008935627014,0
0.0008289419149,0.002909738717,0.00220198774,0.01235088565,0.008935627014,-0.005621373308,0
0.002909738717,0.00220198774,0.01235088565,0.008935627014,-0.005621373308,0,0
0.00220198774,0.01235088565,0.008935627014,-0.005621373308,0,-0.003733590269,0
0.01235088565,0.008935627014,-0.005621373308,0,-0.003733590269,0.000843780135,0
0.008935627014,-0.005621373308,0,-0.003733590269,0.000843780135,-0.0006023370678,0
-0.005621373308,0,-0.003733590269,0.000843780135,-0.0006023370678,0.005633290932,1
0,-0.003733590269,0.000843780135,-0.0006023370678,0.005633290932,-0.00133083298,1
-0.003733590269,0.000843780135,-0.0006023370678,0.005633290932,-0.00133083298,0.01417177914,1
0.000843780135,-0.0006023370678,0.005633290932,-0.00133083298,0.01417177914,0.001782312089,0
-0.0006023370678,0.005633290932,-0.00133083298,0.01417177914,0.001782312089,-0.003246753247,0
0.005633290932,-0.00133083298,0.01417177914,0.001782312089,-0.003246753247,-0.008021390374,0
-0.00133083298,0.01417177914,0.001782312089,-0.003246753247,-0.008021390374,0,1
0.01417177914,0.001782312089,-0.003246753247,-0.008021390374,0,-0.005619674905,0
0.001782312089,-0.003246753247,-0.008021390374,0,-0.005619674905,-0.002771919253,1
-0.003246753247,-0.008021390374,0,-0.005619674905,-0.002771919253,0.0004823054199,1
-0.008021390374,0,-0.005619674905,-0.002771919253,0.0004823054199,0.001509479531,1
0,-0.005619674905,-0.002771919253,0.0004823054199,0.001509479531,0,1
-0.005619674905,-0.002771919253,0.0004823054199,0.001509479531,0,0.004244482173,1
-0.002771919253,0.0004823054199,0.001509479531,0,0.004244482173,0.001639842089,0
0.0004823054199,0.001509479531,0,0.004244482173,0.001639842089,0.01030864576,0
0.001509479531,0,0.004244482173,0.001639842089,0.01030864576,-0.0145724997,0
0,0.004244482173,0.001639842089,0.01030864576,-0.0145724997,0.00596107056,0
0.004244482173,0.001639842089,0.01030864576,-0.0145724997,0.00596107056,0.004521569107,0
0.001639842089,0.01030864576,-0.0145724997,0.00596107056,0.004521569107,-0.004258943782,0
0.01030864576,-0.0145724997,0.00596107056,0.004521569107,-0.004258943782,0.002867777168,0
-0.0145724997,0.00596107056,0.004521569107,-0.004258943782,0.002867777168,0.01366897575,1
0.00596107056,0.004521569107,-0.004258943782,0.002867777168,0.01366897575,0.004660411359,0
0.004521569107,-0.004258943782,0.002867777168,0.01366897575,0.004660411359,0.003930131004,0
-0.004258943782,0.002867777168,0.01366897575,0.004660411359,0.003930131004,0.004071406201,1
0.002867777168,0.01366897575,0.004660411359,0.003930131004,0.004071406201,0.008145996464,0
0.01366897575,0.004660411359,0.003930131004,0.004071406201,0.008145996464,-0.003899861618,0
0.004660411359,0.003930131004,0.004071406201,0.008145996464,-0.003899861618,-0.0005029548598,1
0.003930131004,0.004071406201,0.008145996464,-0.003899861618,-0.0005029548598,-0.005377688844,1
0.004071406201,0.008145996464,-0.003899861618,-0.0005029548598,-0.005377688844,0.005912693421,1
0.008145996464,-0.003899861618,-0.0005029548598,-0.005377688844,0.005912693421,0.004105349586,1
-0.003899861618,-0.0005029548598,-0.005377688844,0.005912693421,0.004105349586,-0.0007573366993,1
-0.0005029548598,-0.005377688844,0.005912693421,0.004105349586,-0.0007573366993,0.000947567909,1
-0.005377688844,0.005912693421,0.004105349586,-0.0007573366993,0.000947567909,-0.001954479541,1
0.005912693421,0.004105349586,-0.0007573366993,0.000947567909,-0.001954479541,0,1
0.004105349586,-0.0007573366993,0.000947567909,-0.001954479541,0,0.0006308750237,1
-0.0007573366993,0.000947567909,-0.001954479541,0,0.0006308750237,0.004117572533,1
0.000947567909,-0.001954479541,0,0.0006308750237,0.004117572533,-0.001959916545,1
-0.001954479541,0,0.0006308750237,0.004117572533,-0.001959916545,0.007452229299,1
0,0.0006308750237,0.004117572533,-0.001959916545,0.007452229299,0.001339371133,1
0.0006308750237,0.004117572533,-0.001959916545,0.007452229299,0.001339371133,0.00140512231,1
0.004117572533,-0.001959916545,0.007452229299,0.001339371133,0.00140512231,0.001791541365,1
-0.001959916545,0.007452229299,0.001339371133,0.00140512231,0.001791541365,0.01930476749,1
0.007452229299,0.001339371133,0.00140512231,0.001791541365,0.01930476749,-0.0007820136852,1
0.001339371133,0.00140512231,0.001791541365,0.01930476749,-0.0007820136852,0.01575428609,1
0.00140512231,0.001791541365,0.01930476749,-0.0007820136852,0.01575428609,-0.007880738162,1
0.001791541365,0.01930476749,-0.0007820136852,0.01575428609,-0.007880738162,0.001051870357,1
0.01930476749,-0.0007820136852,0.01575428609,-0.007880738162,0.001051870357,0.002834915612,1
-0.0007820136852,0.01575428609,-0.007880738162,0.001051870357,0.002834915612,0.001783237567,1
0.01575428609,-0.007880738162,0.001051870357,0.002834915612,0.001783237567,0.00946729782,1
-0.007880738162,0.001051870357,0.002834915612,0.001783237567,0.00946729782,0.01888458664,1
0.001051870357,0.002834915612,0.001783237567,0.00946729782,0.01888458664,0.01050247117,1
0.002834915612,0.001783237567,0.00946729782,0.01888458664,0.01050247117,0.006563946659,1
0.001783237567,0.00946729782,0.01888458664,0.01050247117,0.006563946659,0.0120979021,1
0.00946729782,0.01888458664,0.01050247117,0.006563946659,0.0120979021,-0.004802004315,1
0.01888458664,0.01050247117,0.006563946659,0.0120979021,-0.004802004315,-0.01182862252,1
0.01050247117,0.006563946659,0.0120979021,-0.004802004315,-0.01182862252,-0.01430314534,1
0.006563946659,0.0120979021,-0.004802004315,-0.01182862252,-0.01430314534,0.007306247866,1
0.0120979021,-0.004802004315,-0.01182862252,-0.01430314534,0.007306247866,-0.001704158146,1
-0.004802004315,-0.01182862252,-0.01430314534,0.007306247866,-0.001704158146,-0.01252019386,1
-0.01182862252,-0.01430314534,0.007306247866,-0.001704158146,-0.01252019386,-0.008410092111,1
-0.01430314534,0.007306247866,-0.001704158146,-0.01252019386,-0.008410092111,-0.01343342552,1
0.007306247866,-0.001704158146,-0.01252019386,-0.008410092111,-0.01343342552,-0.00006584578916,1
-0.001704158146,-0.01252019386,-0.008410092111,-0.01343342552,-0.00006584578916,0.0105802502,1
-0.01252019386,-0.008410092111,-0.01343342552,-0.00006584578916,0.0105802502,-0.004965900814,1
-0.008410092111,-0.01343342552,-0.00006584578916,0.0105802502,-0.004965900814,-0.006185431335,1
-0.01343342552,-0.00006584578916,0.0105802502,-0.004965900814,-0.006185431335,0.004361906021,1
-0.00006584578916,0.0105802502,-0.004965900814,-0.006185431335,0.004361906021,0.005248471964,1
0.0105802502,-0.004965900814,-0.006185431335,0.004361906021,0.005248471964,0.006284262602,1
-0.004965900814,-0.006185431335,0.004361906021,0.005248471964,0.006284262602,0.008223240766,1
-0.006185431335,0.004361906021,0.005248471964,0.006284262602,0.008223240766,-0.001144549923,1
0.004361906021,0.005248471964,0.006284262602,0.008223240766,-0.001144549923,0.008144980656,1
0.005248471964,0.006284262602,0.008223240766,-0.001144549923,0.008144980656,-0.01365736092,1
0.006284262602,0.008223240766,-0.001144549923,0.008144980656,-0.01365736092,0.00006695232994,1
0.008223240766,-0.001144549923,0.008144980656,-0.01365736092,0.00006695232994,-0.002670940171,1
-0.001144549923,0.008144980656,-0.01365736092,0.00006695232994,-0.002670940171,0.00597837039,1
-0.00543428203,0.01924521217,0.0003756574005,-0.01498612396,-0.01619949035,-0.002903811252,0
0.01924521217,0.0003756574005,-0.01498612396,-0.01619949035,-0.002903811252,0.01100917431,0
0.0003756574005,-0.01498612396,-0.01619949035,-0.002903811252,0.01100917431,-0.01881357458,0
-0.01498612396,-0.01619949035,-0.002903811252,0.01100917431,-0.01881357458,0.003160556258,0
-0.01619949035,-0.002903811252,0.01100917431,-0.01881357458,0.003160556258,0.01624300266,0
-0.002903811252,0.01100917431,-0.01881357458,0.003160556258,0.01624300266,0.002668384247,0
0.01100917431,-0.01881357458,0.003160556258,0.01624300266,0.002668384247,-0.01771511208,0
-0.01881357458,0.003160556258,0.01624300266,0.002668384247,-0.01771511208,0,0
0.003160556258,0.01624300266,0.002668384247,-0.01771511208,0,0.01263042284,0
0.01624300266,0.002668384247,-0.01771511208,0,0.01263042284,-0.01620745543,0
0.002668384247,-0.01771511208,0,0.01263042284,-0.01620745543,-0.01542553191,0
-0.01771511208,0,0.01263042284,-0.01620745543,-0.01542553191,0.01676581936,0
0,0.01263042284,-0.01620745543,-0.01542553191,0.01676581936,0.02258272652,0
0.01263042284,-0.01620745543,-0.01542553191,0.01676581936,0.02258272652,-0.01103008204,0
-0.01620745543,-0.01542553191,0.01676581936,0.02258272652,-0.01103008204,0.007531227039,0
-0.01542553191,0.01676581936,0.02258272652,-0.01103008204,0.007531227039,-0.004389173372,0
0.01676581936,0.02258272652,-0.01103008204,0.007531227039,-0.004389173372,-0.03298258025,0
0.02258272652,-0.01103008204,0.007531227039,-0.004389173372,-0.03298258025,0,0
-0.01103008204,0.007531227039,-0.004389173372,-0.03298258025,0,-0.001941576207,0
0.007531227039,-0.004389173372,-0.03298258025,0,-0.001941576207,0.02468800868,0
-0.004389173372,-0.03298258025,0,-0.001941576207,0.02468800868,-0.009938221864,0
-0.03298258025,0,-0.001941576207,0.02468800868,-0.009938221864,-0.01888615601,0
0,-0.001941576207,0.02468800868,-0.009938221864,-0.01888615601,0.0306926211,0
-0.001941576207,0.02468800868,-0.009938221864,-0.01888615601,0.0306926211,0.006378132118,0
0.02468800868,-0.009938221864,-0.01888615601,0.0306926211,0.006378132118,0.03294117647,0
-0.009938221864,-0.01888615601,0.0306926211,0.006378132118,0.03294117647,-0.01992436122,0
-0.01888615601,0.0306926211,0.006378132118,0.03294117647,-0.01992436122,-0.01121853338,0
0.0306926211,0.006378132118,0.03294117647,-0.01992436122,-0.01121853338,0.01574949046,0
0.006378132118,0.03294117647,-0.01992436122,-0.01121853338,0.01574949046,-0.04764425622,0
0.03294117647,-0.01992436122,-0.01121853338,0.01574949046,-0.04764425622,-0.00517861845,0
-0.01992436122,-0.01121853338,0.01574949046,-0.04764425622,-0.00517861845,-0.002975409119,0
-0.01121853338,0.01574949046,-0.04764425622,-0.00517861845,-0.002975409119,0.00483644038,0
0.01574949046,-0.04764425622,-0.00517861845,-0.002975409119,0.00483644038,0.005926581159,0
-0.04764425622,-0.00517861845,-0.002975409119,0.00483644038,0.005926581159,0.003550821127,0
-0.00517861845,-0.002975409119,0.00483644038,0.005926581159,0.003550821127,0.008324382385,0
-0.002975409119,0.00483644038,0.005926581159,0.003550821127,0.008324382385,-0.0009836358759,0
0.00483644038,0.005926581159,0.003550821127,0.008324382385,-0.0009836358759,0,0
0.005926581159,0.003550821127,0.008324382385,-0.0009836358759,0,0.01765401765,0
0.003550821127,0.008324382385,-0.0009836358759,0,0.01765401765,0.004111842105,0
0.008324382385,-0.0009836358759,0,0.01765401765,0.004111842105,0.002106034246,0
-0.0009836358759,0,0.01765401765,0.004111842105,0.002106034246,0.0165689286,0
0,0.01765401765,0.004111842105,0.002106034246,0.0165689286,-0.006014063657,0
0.01765401765,0.004111842105,0.002106034246,0.0165689286,-0.006014063657,-0.004513217279,0
0.004111842105,0.002106034246,0.0165689286,-0.006014063657,-0.004513217279,-0.01532740794,0
0.002106034246,0.0165689286,-0.006014063657,-0.004513217279,-0.01532740794,0.00721658902,0
0.0165689286,-0.006014063657,-0.004513217279,-0.01532740794,0.00721658902,0.01043012738,0
-0.006014063657,-0.004513217279,-0.01532740794,0.00721658902,0.01043012738,-0.008783165599,0
-0.004513217279,-0.01532740794,0.00721658902,0.01043012738,-0.008783165599,0.002936318591,0
-0.01532740794,0.00721658902,0.01043012738,-0.008783165599,0.002936318591,0.02347858753,0
0.00721658902,0.01043012738,-0.008783165599,0.002936318591,0.02347858753,-0.00131307447,0
0.01043012738,-0.008783165599,0.002936318591,0.02347858753,-0.00131307447,0.02087322865,0
-0.008783165599,0.002936318591,0.02347858753,-0.00131307447,0.02087322865,0.01319363601,0
0.002936318591,0.02347858753,-0.00131307447,0.02087322865,0.01319363601,-0.002129719264,0
0.02347858753,-0.00131307447,0.02087322865,0.01319363601,-0.002129719264,0.009281875916,0
-0.00131307447,0.02087322865,0.01319363601,-0.002129719264,0.009281875916,0.009767166535,0
0.02087322865,0.01319363601,-0.002129719264,0.009281875916,0.009767166535,0.005854917138,0
0.01319363601,-0.002129719264,0.009281875916,0.009767166535,0.005854917138,-0.01021510657,0
-0.002129719264,0.009281875916,0.009767166535,0.005854917138,-0.01021510657,0.00009823182711,0
0.009281875916,0.009767166535,0.005854917138,-0.01021510657,0.00009823182711,0.01932512266,0
0.009767166535,0.005854917138,-0.01021510657,0.00009823182711,0.01932512266,-0.005774016924,0
0.005854917138,-0.01021510657,0.00009823182711,0.01932512266,-0.005774016924,0.01721518987,0
-0.01021510657,0.00009823182711,0.01932512266,-0.005774016924,0.01721518987,-0.004134731747,0
0.00009823182711,0.01932512266,-0.005774016924,0.01721518987,-0.004134731747,-0.003116517543,0
0.01932512266,-0.005774016924,0.01721518987,-0.004134731747,-0.003116517543,0.01282965075,0
-0.005774016924,0.01721518987,-0.004134731747,-0.003116517543,0.01282965075,0.004808676079,0
0.01721518987,-0.004134731747,-0.003116517543,0.01282965075,0.004808676079,0.01400560224,0
-0.004134731747,-0.003116517543,0.01282965075,0.004808676079,0.01400560224,0.0180608365,0
-0.003116517543,0.01282965075,0.004808676079,0.01400560224,0.0180608365,0.01056676273,0
0.01282965075,0.004808676079,0.01400560224,0.0180608365,0.01056676273,0.001282462328,0
0.004808676079,0.01400560224,0.0180608365,0.01056676273,0.001282462328,0.007212055974,0
0.01400560224,0.0180608365,0.01056676273,0.001282462328,0.007212055974,0.02890685569,0
0.0180608365,0.01056676273,0.001282462328,0.007212055974,0.02890685569,0.0004432132964,1
0.01056676273,0.001282462328,0.007212055974,0.02890685569,0.0004432132964,0,1
0.001282462328,0.007212055974,0.02890685569,0.0004432132964,0,0.006019395831,1
0.007212055974,0.02890685569,0.0004432132964,0,0.006019395831,0.001004240125,1
0.02890685569,0.0004432132964,0,0.006019395831,0.001004240125,0.01185502992,1
0.0004432132964,0,0.006019395831,0.001004240125,0.01185502992,0.03421298459,1
0,0.006019395831,0.001004240125,0.01185502992,0.03421298459,-0.00764774044,1
0.006019395831,0.001004240125,0.01185502992,0.03421298459,-0.00764774044,-0.01942961027,1
0.001004240125,0.01185502992,0.03421298459,-0.00764774044,-0.01942961027,-0.02384649512,1
0.01185502992,0.03421298459,-0.00764774044,-0.01942961027,-0.02384649512,0.006699419384,1
0.03421298459,-0.00764774044,-0.01942961027,-0.02384649512,0.006699419384,-0.007755373366,1
-0.00764774044,-0.01942961027,-0.02384649512,0.006699419384,-0.007755373366,0.0122238421,1
-0.01942961027,-0.02384649512,0.006699419384,-0.007755373366,0.0122238421,-0.01881602113,1
-0.02384649512,0.006699419384,-0.007755373366,0.0122238421,-0.01881602113,-0.002962150302,1
0.006699419384,-0.007755373366,0.0122238421,-0.01881602113,-0.002962150302,-0.01438148789,1
-0.007755373366,0.0122238421,-0.01881602113,-0.002962150302,-0.01438148789,0.00510814042,1
0.0122238421,-0.01881602113,-0.002962150302,-0.01438148789,0.00510814042,0.01121002308,1
-0.01881602113,-0.002962150302,-0.01438148789,0.00510814042,0.01121002308,-0.00622542595,1
-0.002962150302,-0.01438148789,0.00510814042,0.01121002308,-0.00622542595,-0.01728024042,1
-0.01438148789,0.00510814042,0.01121002308,-0.00622542595,-0.01728024042,0.0003220957698,1
0.00510814042,0.01121002308,-0.00622542595,-0.01728024042,0.0003220957698,-0.0004292766688,1
0.01121002308,-0.00622542595,-0.01728024042,0.0003220957698,-0.0004292766688,0.01315646406,1
-0.00622542595,-0.01728024042,0.0003220957698,-0.0004292766688,0.01315646406,-0.01509959306,1
-0.01728024042,0.0003220957698,-0.0004292766688,0.01315646406,-0.01509959306,-0.00288307528,1
0.0003220957698,-0.0004292766688,0.01315646406,-0.01509959306,-0.00288307528,0.01517615176,1
-0.0004292766688,0.01315646406,-0.01509959306,-0.00288307528,0.01517615176,-0.01093599228,1
0.01315646406,-0.01509959306,-0.00288307528,0.01517615176,-0.01093599228,0.001288244767,1
-0.01509959306,-0.00288307528,0.01517615176,-0.01093599228,0.001288244767,-0.002996896072,1
-0.00288307528,0.01517615176,-0.01093599228,0.001288244767,-0.002996896072,-0.01163651751,1
0.01517615176,-0.01093599228,0.001288244767,-0.002996896072,-0.01163651751,0.01405277837,1
-0.01093599228,0.001288244767,-0.002996896072,-0.01163651751,0.01405277837,0.01084363479,1
0.001288244767,-0.002996896072,-0.01163651751,0.01405277837,0.01084363479,-0.01221079692,1
-0.002996896072,-0.01163651751,0.01405277837,0.01084363479,-0.01221079692,0.008643042351,1
-0.01163651751,0.01405277837,0.01084363479,-0.01221079692,0.008643042351,-0.003981491445,1
0.01405277837,0.01084363479,-0.01221079692,0.008643042351,-0.003981491445,0.007917570499,1
0.01084363479,-0.01221079692,0.008643042351,-0.003981491445,0.007917570499,0,1
-0.01221079692,0.008643042351,-0.003981491445,0.007917570499,0,-0.001191636876,1
0.008643042351,-0.003981491445,0.007917570499,0,-0.001191636876,0.001736299512,1
-0.003981491445,0.007917570499,0,-0.001191636876,0.001736299512,-0.02041033273,1
0.007917570499,0,-0.001191636876,0.001736299512,-0.02041033273,0.002878464819,1
0,-0.001191636876,0.001736299512,-0.02041033273,0.002878464819,-0.005513146735,1
-0.001191636876,0.001736299512,-0.02041033273,0.002878464819,-0.005513146735,0.00779997863,1
0.001736299512,-0.02041033273,0.002878464819,-0.005513146735,0.00779997863,0.0212789175,1
-0.02041033273,0.002878464819,-0.005513146735,0.00779997863,0.0212789175,-0.01377529057,1
0.002878464819,-0.005513146735,0.00779997863,0.0212789175,-0.01377529057,-0.01765514325,0
-0.005513146735,0.00779997863,0.0212789175,-0.01377529057,-0.01765514325,-0.01561036528,1
0.00779997863,0.0212789175,-0.01377529057,-0.01765514325,-0.01561036528,0.007232704403,0
0.0212789175,-0.01377529057,-0.01765514325,-0.01561036528,0.007232704403,-0.01272896616,1
-0.01377529057,-0.01765514325,-0.01561036528,0.007232704403,-0.01272896616,-0.005352547607,1
-0.01765514325,-0.01561036528,0.007232704403,-0.01272896616,-0.005352547607,0.003097573567,1
-0.01561036528,0.007232704403,-0.01272896616,-0.005352547607,0.003097573567,0.008854166667,0
0.007232704403,-0.01272896616,-0.005352547607,0.003097573567,0.008854166667,0.004184100418,0
-0.01272896616,-0.005352547607,0.003097573567,0.008854166667,0.004184100418,0.003253226991,0
-0.005352547607,0.003097573567,0.008854166667,0.004184100418,0.003253226991,0.007613408058,0
0.003097573567,0.008854166667,0.004184100418,0.003253226991,0.007613408058,0.01350337584,0
0.008854166667,0.004184100418,0.003253226991,0.007613408058,0.01350337584,0,0
0.004184100418,0.003253226991,0.007613408058,0.01350337584,0,-0.02129221733,0
0.003253226991,0.007613408058,0.01350337584,0,-0.02129221733,-0.0008383986586,0
0.007613408058,0.01350337584,0,-0.02129221733,-0.0008383986586,0.003153910849,0
0.01350337584,0,-0.02129221733,-0.0008383986586,0.003153910849,-0.0107124285,0
0,-0.02129221733,-0.0008383986586,0.003153910849,-0.0107124285,-0.001764950166,0
-0.02129221733,-0.0008383986586,0.003153910849,-0.0107124285,-0.001764950166,0.0008312551953,0
-0.0008383986586,0.003153910849,-0.0107124285,-0.001764950166,0.0008312551953,0.01007556675,0
0.003153910849,-0.0107124285,-0.001764950166,0.0008312551953,0.01007556675,-0.005739330064,0
-0.0107124285,-0.001764950166,0.0008312551953,0.01007556675,-0.005739330064,0.0005220296513,0
-0.001764950166,0.0008312551953,0.01007556675,-0.005739330064,0.0005220296513,0.009272918862,0
0.0008312551953,0.01007556675,-0.005739330064,0.0005220296513,0.009272918862,0.007751937984,0
0.01007556675,-0.005739330064,0.0005220296513,0.009272918862,0.007751937984,0,0
-0.005739330064,0.0005220296513,0.009272918862,0.007751937984,0,-0.00169617301,0
0.0005220296513,0.009272918862,0.007751937984,0,-0.00169617301,-0.008409544833,0
0.009272918862,0.007751937984,0,-0.00169617301,-0.008409544833,-0.002516514627,0
0.007751937984,0,-0.00169617301,-0.008409544833,-0.002516514627,-0.004696305573,0
0,-0.00169617301,-0.008409544833,-0.002516514627,-0.004696305573,0,0
-0.00169617301,-0.008409544833,-0.002516514627,-0.004696305573,0,-0.0005215395849,0
-0.008409544833,-0.002516514627,-0.004696305573,0,-0.0005215395849,0.002614515792,0
-0.002516514627,-0.004696305573,0,-0.0005215395849,0.002614515792,0.004939569101,0
-0.004696305573,0,-0.0005215395849,0.002614515792,0.004939569101,0.004539695946,0
0,-0.0005215395849,0.002614515792,0.004939569101,0.004539695946,0.01304812834,0
-0.0005215395849,0.002614515792,0.004939569101,0.004539695946,0.01304812834,0.01498046027,0
0.002614515792,0.004939569101,0.004539695946,0.01304812834,0.01498046027,-0.01937406855,0
0.004939569101,0.004539695946,0.01304812834,0.01498046027,-0.01937406855,-0.03878031311,0
0.004539695946,0.01304812834,0.01498046027,-0.01937406855,-0.03878031311,-0.004988800652,0
0.01304812834,0.01498046027,-0.01937406855,-0.03878031311,-0.004988800652,-0.01917315758,0
0.01498046027,-0.01937406855,-0.03878031311,-0.004988800652,-0.01917315758,-0.003482933625,0
-0.01937406855,-0.03878031311,-0.004988800652,-0.01917315758,-0.003482933625,0.004096722622,0
-0.03878031311,-0.004988800652,-0.01917315758,-0.003482933625,0.004096722622,0.001601281025,0
-0.004988800652,-0.01917315758,-0.003482933625,0.004096722622,0.001601281025,-0.002495757213,0
-0.01917315758,-0.003482933625,0.004096722622,0.001601281025,-0.002495757213,0.004311209144,0
-0.003482933625,0.004096722622,0.001601281025,-0.002495757213,0.004311209144,-0.0009015326054,0
0.004096722622,0.001601281025,-0.002495757213,0.004311209144,-0.0009015326054,0.002007427482,0
0.001601281025,-0.002495757213,0.004311209144,-0.0009015326054,0.002007427482,0.008298755187,0
-0.002495757213,0.004311209144,-0.0009015326054,0.002007427482,0.008298755187,-0.00363013008,0
0.004311209144,-0.0009015326054,0.002007427482,0.008298755187,-0.00363013008,0,0
-0.0009015326054,0.002007427482,0.008298755187,-0.00363013008,0,0.007825203252,0
0.002007427482,0.008298755187,-0.00363013008,0,0.007825203252,0.008713480267,0
0.008298755187,-0.00363013008,0,0.007825203252,0.008713480267,0.005773791112,0
-0.00363013008,0,0.007825203252,0.008713480267,0.005773791112,0.02613203555,0
0,0.007825203252,0.008713480267,0.005773791112,0.02613203555,0.007675906183,0
0.007825203252,0.008713480267,0.005773791112,0.02613203555,0.007675906183,-0.02362860414,0
0.008713480267,0.005773791112,0.02613203555,0.007675906183,-0.02362860414,0.005547414695,0
0.005773791112,0.02613203555,0.007675906183,-0.02362860414,0.005547414695,-0.0119958635,0
0.02613203555,0.007675906183,-0.02362860414,0.005547414695,-0.0119958635,-0.008306840324,0
0.007675906183,-0.02362860414,0.005547414695,-0.0119958635,-0.008306840324,0.0006157003592,0
-0.02362860414,0.005547414695,-0.0119958635,-0.008306840324,0.0006157003592,-0.02060301508,0
0.005547414695,-0.0119958635,-0.008306840324,0.0006157003592,-0.02060301508,-0.0006026516673,0
-0.0119958635,-0.008306840324,0.0006157003592,-0.02060301508,-0.0006026516673,-0.003104035246,0
-0.008306840324,0.0006157003592,-0.02060301508,-0.0006026516673,-0.003104035246,0.02210623273,0
0.0006157003592,-0.02060301508,-0.0006026516673,-0.003104035246,0.02210623273,-0.002857434432,0
-0.02060301508,-0.0006026516673,-0.003104035246,0.02210623273,-0.002857434432,-0.01921729557,0
-0.0006026516673,-0.003104035246,0.02210623273,-0.002857434432,-0.01921729557,0.00725879625,0
-0.003104035246,0.02210623273,-0.002857434432,-0.01921729557,0.00725879625,-0.0207325501,0
0.02210623273,-0.002857434432,-0.01921729557,0.00725879625,-0.0207325501,0.004462514875,0
-0.002857434432,-0.01921729557,0.00725879625,-0.0207325501,0.004462514875,0.004782781985,0
-0.01921729557,0.00725879625,-0.0207325501,0.004462514875,0.004782781985,-0.01482281339,0
0.00725879625,-0.0207325501,0.004462514875,0.004782781985,-0.01482281339,0.004139970429,0
-0.0207325501,0.004462514875,0.004782781985,-0.01482281339,0.004139970429,0.007347830404,0
0.004462514875,0.004782781985,-0.01482281339,0.004139970429,0.007347830404,0.01819836215,0
0.004782781985,-0.01482281339,0.004139970429,0.007347830404,0.01819836215,0.01031664964,0
-0.01482281339,0.004139970429,0.007347830404,0.01819836215,0.01031664964,0.008758371973,0
0.004139970429,0.007347830404,0.01819836215,0.01031664964,0.008758371973,-0.009895939604,0
0.007347830404,0.01819836215,0.01031664964,0.008758371973,-0.009895939604,-0.0006117455139,0
0.01819836215,0.01031664964,0.008758371973,-0.009895939604,-0.0006117455139,0.01301384012,0
0.01031664964,0.008758371973,-0.009895939604,-0.0006117455139,0.01301384012,0.006444906445,0
0.008758371973,-0.009895939604,-0.0006117455139,0.01301384012,0.006444906445,-0.003625064733,0
-0.009895939604,-0.0006117455139,0.01301384012,0.006444906445,-0.003625064733,0.006672922532,0
-0.0006117455139,0.01301384012,0.006444906445,-0.003625064733,0.006672922532,-0.00693725409,0
0.01301384012,0.006444906445,-0.003625064733,0.006672922532,-0.00693725409,0.02179432924,0
0.006444906445,-0.003625064733,0.006672922532,-0.00693725409,0.02179432924,-0.03491933837,0
-0.003625064733,0.006672922532,-0.00693725409,0.02179432924,-0.03491933837,-0.001630988787,0
0.006672922532,-0.00693725409,0.02179432924,-0.03491933837,-0.001630988787,0.01196616464,0
-0.00693725409,0.02179432924,-0.03491933837,-0.001630988787,0.01196616464,-0.005641604267,0
0.02179432924,-0.03491933837,-0.001630988787,0.01196616464,-0.005641604267,0.007752739301,0
-0.03491933837,-0.001630988787,0.01196616464,-0.005641604267,0.007752739301,-0.004220277921,0
-0.001630988787,0.01196616464,-0.005641604267,0.007752739301,-0.004220277921,0.003615702479,0
0.01196616464,-0.005641604267,0.007752739301,-0.004220277921,0.003615702479,0.004983388704,0
-0.005641604267,0.007752739301,-0.004220277921,0.003615702479,0.004983388704,0.002706641682,0
0.007752739301,-0.004220277921,0.003615702479,0.004983388704,0.002706641682,0.004391468005,0
-0.004220277921,0.003615702479,0.004983388704,0.002706641682,0.004391468005,0.004305365956,0
0.003615702479,0.004983388704,0.002706641682,0.004391468005,0.004305365956,-0.004391008887,0
0.004983388704,0.002706641682,0.004391468005,0.004305365956,-0.004391008887,-0.003126628452,0
0.002706641682,0.004391468005,0.004305365956,-0.004391008887,-0.003126628452,-0.007345334161,0
0.004391468005,0.004305365956,-0.004391008887,-0.003126628452,-0.007345334161,0.005617977528,0
0.004305365956,-0.004391008887,-0.003126628452,-0.007345334161,0.005617977528,0.006913890635,0
-0.004391008887,-0.003126628452,-0.007345334161,0.005617977528,0.006913890635,0.009411018293,0
-0.003126628452,-0.007345334161,0.005617977528,0.006913890635,0.009411018293,-0.002005065428,0
-0.007345334161,0.005617977528,0.006913890635,0.009411018293,-0.002005065428,-0.0008435259384,0
0.005617977528,0.006913890635,0.009411018293,-0.002005065428,-0.0008435259384,0.008399787347,0
0.006913890635,0.009411018293,-0.002005065428,-0.0008435259384,0.008399787347,0.004056795132,0
0.009411018293,-0.002005065428,-0.0008435259384,0.008399787347,0.004056795132,0.00601439158,0
-0.002005065428,-0.0008435259384,0.008399787347,0.004056795132,0.00601439158,0.0003223033949,0
-0.0008435259384,0.008399787347,0.004056795132,0.00601439158,0.0003223033949,0.003233455486,0
0.008399787347,0.004056795132,0.00601439158,0.0003223033949,0.003233455486,0.004656199242,0
0.004056795132,0.00601439158,0.0003223033949,0.003233455486,0.004656199242,0.0008670207001,0
0.00601439158,0.0003223033949,0.003233455486,0.004656199242,0.0008670207001,0.009408161033,0
0.0003223033949,0.003233455486,0.004656199242,0.0008670207001,0.009408161033,0.007939133311,0
0.003233455486,0.004656199242,0.0008670207001,0.009408161033,0.007939133311,0,0
0.004656199242,0.0008670207001,0.009408161033,0.007939133311,0,-0.007985123605,0
0.0008670207001,0.009408161033,0.007939133311,0,-0.007985123605,-0.01210287443,0
0.009408161033,0.007939133311,0,-0.007985123605,-0.01210287443,0.005760243452,0
0.007939133311,0,-0.007985123605,-0.01210287443,0.005760243452,0.001741970604,0
0,-0.007985123605,-0.01210287443,0.005760243452,0.001741970604,0.004154367552,0
-0.007985123605,-0.01210287443,0.005760243452,0.001741970604,0.004154367552,-0.003051771117,0
-0.01210287443,0.005760243452,0.001741970604,0.004154367552,-0.003051771117,0.01538291279,0
0.005760243452,0.001741970604,0.004154367552,-0.003051771117,0.01538291279,-0.004516910874,0
0.001741970604,0.004154367552,-0.003051771117,0.01538291279,-0.004516910874,-0.005805038335,0
0.004154367552,-0.003051771117,0.01538291279,-0.004516910874,-0.005805038335,-0.01382588032,0
-0.003051771117,0.01538291279,-0.004516910874,-0.005805038335,-0.01382588032,0,0
0.01538291279,-0.004516910874,-0.005805038335,-0.01382588032,0,-0.005051047824,0
-0.004516910874,-0.005805038335,-0.01382588032,0,-0.005051047824,-0.0007517182131,0
-0.005805038335,-0.01382588032,0,-0.005051047824,-0.0007517182131,0.0004297378599,0
-0.01382588032,0,-0.005051047824,-0.0007517182131,0.0004297378599,0.0132810799,0
0,-0.005051047824,-0.0007517182131,0.0004297378599,0.0132810799,-0.003579563944,0
-0.005051047824,-0.0007517182131,0.0004297378599,0.0132810799,-0.003579563944,0.009416402058,0
-0.0007517182131,0.0004297378599,0.0132810799,-0.003579563944,0.009416402058,0.003185413005,0
0.0004297378599,0.0132810799,-0.003579563944,0.009416402058,0.003185413005,0.01290609702,0
0.0132810799,-0.003579563944,0.009416402058,0.003185413005,0.01290609702,-0.007399226946,0
-0.003579563944,0.009416402058,0.003185413005,0.01290609702,-0.007399226946,0.01867476657,0
0.009416402058,0.003185413005,0.01290609702,-0.007399226946,0.01867476657,-0.01963163119,0
0.003185413005,0.01290609702,-0.007399226946,0.01867476657,-0.01963163119,-0.005484260173,0
0.01290609702,-0.007399226946,0.01867476657,-0.01963163119,-0.005484260173,0.001647989453,0
-0.007399226946,0.01867476657,-0.01963163119,-0.005484260173,0.001647989453,-0.002083104923,0
0.01867476657,-0.01963163119,-0.005484260173,0.001647989453,-0.002083104923,0.003520739355,0
-0.01963163119,-0.005484260173,0.001647989453,-0.002083104923,0.003520739355,0.002205314809,0
-0.005484260173,0.001647989453,-0.002083104923,0.003520739355,0.002205314809,0.00243174533,0
0.001647989453,-0.002083104923,0.003520739355,0.002205314809,0.00243174533,0.004218004218,0
-0.002083104923,0.003520739355,0.002205314809,0.00243174533,0.004218004218,-0.004970178926,0
0.003520739355,0.002205314809,0.00243174533,0.004218004218,-0.004970178926,0.004883462819,0
0.002205314809,0.00243174533,0.004218004218,-0.004970178926,0.004883462819,-0.0007763114118,0
0.00243174533,0.004218004218,-0.004970178926,0.004883462819,-0.0007763114118,0.00759861437,0
0.004218004218,-0.004970178926,0.004883462819,-0.0007763114118,0.00759861437,0.0008947545017,0
-0.004970178926,0.004883462819,-0.0007763114118,0.00759861437,0.0008947545017,0.001231802912,0
0.004883462819,-0.0007763114118,0.00759861437,0.0008947545017,0.001231802912,0.003258060892,0
-0.0007763114118,0.00759861437,0.0008947545017,0.001231802912,0.003258060892,-0.002241901132,0
0.00759861437,0.0008947545017,0.001231802912,0.003258060892,-0.002241901132,-0.001566871852,0
0.0008947545017,0.001231802912,0.003258060892,-0.002241901132,-0.001566871852,0.007100991885,0
0.001231802912,0.003258060892,-0.002241901132,-0.001566871852,0.007100991885,0.0007896221094,0
0.003258060892,-0.002241901132,-0.001566871852,0.007100991885,0.0007896221094,0,0
-0.002241901132,-0.001566871852,0.007100991885,0.0007896221094,0,-0.008056394763,0
-0.001566871852,0.007100991885,0.0007896221094,0,-0.008056394763,0.009944626511,0
0.007100991885,0.0007896221094,0,-0.008056394763,0.009944626511,0.007285145134,0
0.0007896221094,0,-0.008056394763,0.009944626511,0.007285145134,-0.00880063184,0
0,-0.008056394763,0.009944626511,0.007285145134,-0.00880063184,0.006358578404,0
-0.008056394763,0.009944626511,0.007285145134,-0.00880063184,0.006358578404,0.003761112377,0
0.009944626511,0.007285145134,-0.00880063184,0.006358578404,0.003761112377,0.009433962264,0
0.007285145134,-0.00880063184,0.006358578404,0.003761112377,0.009433962264,0.002075167166,0
-0.00880063184,0.006358578404,0.003761112377,0.009433962264,0.002075167166,0.01533419174,0
0.006358578404,0.003761112377,0.009433962264,0.002075167166,0.01533419174,0.01052756092,0
0.003761112377,0.009433962264,0.002075167166,0.01533419174,0.01052756092,0,0
0.009433962264,0.002075167166,0.01533419174,0.01052756092,0,-0.004240282686,0
0.002075167166,0.01533419174,0.01052756092,0,-0.004240282686,0,0
0.01533419174,0.01052756092,0,-0.004240282686,0,-0.01002798507,0
0.01052756092,0,-0.004240282686,0,-0.01002798507,0.01419110691,0
0,-0.004240282686,0,-0.01002798507,0.01419110691,-0.01284146626,0
-0.004240282686,0,-0.01002798507,0.01419110691,-0.01284146626,0.002340276153,0
0,-0.01002798507,0.01419110691,-0.01284146626,0.002340276153,-0.003730473304,0
-0.01002798507,0.01419110691,-0.01284146626,0.002340276153,-0.003730473304,0.006571227411,0
0.01419110691,-0.01284146626,0.002340276153,-0.003730473304,0.006571227411,0.001645510108,0
-0.01284146626,0.002340276153,-0.003730473304,0.006571227411,0.001645510108,0.01009141636,0
0.002340276153,-0.003730473304,0.006571227411,0.001645510108,0.01009141636,-0.00789163722,0
-0.003730473304,0.006571227411,0.001645510108,0.01009141636,-0.00789163722,0.002716428487,0
0.006571227411,0.001645510108,0.01009141636,-0.00789163722,0.002716428487,0.007976190476,0
0.001645510108,0.01009141636,-0.00789163722,0.002716428487,0.007976190476,0.00695276912,0
0.01009141636,-0.00789163722,0.002716428487,0.007976190476,0.00695276912,-0.001077715244,0
-0.00789163722,0.002716428487,0.007976190476,0.00695276912,-0.001077715244,0.002160086403,0
0.002716428487,0.007976190476,0.00695276912,-0.001077715244,0.002160086403,-0.004539481543,0
0.007976190476,0.00695276912,-0.001077715244,0.002160086403,-0.004539481543,0,0
0.00695276912,-0.001077715244,0.002160086403,-0.004539481543,0,0.02385029354,0
-0.001077715244,0.002160086403,-0.004539481543,0,0.02385029354,-0.009449963654,0
0.002160086403,-0.004539481543,0,0.02385029354,-0.009449963654,0.001577478461,0
-0.004539481543,0,0.02385029354,-0.009449963654,0.001577478461,-0.01352645439,0
0,0.02385029354,-0.009449963654,0.001577478461,-0.01352645439,-0.003697078116,0
0.02385029354,-0.009449963654,0.001577478461,-0.01352645439,-0.003697078116,0.0008355216042,0
-0.009449963654,0.001577478461,-0.01352645439,-0.003697078116,0.0008355216042,0.004435918955,1
0.001577478461,-0.01352645439,-0.003697078116,0.0008355216042,0.004435918955,0.0009600384015,0
-0.01352645439,-0.003697078116,0.0008355216042,0.004435918955,0.0009600384015,0.005672218199,0
-0.003697078116,0.0008355216042,0.004435918955,0.0009600384015,0.005672218199,0.01581463773,0
0.0008355216042,0.004435918955,0.0009600384015,0.005672218199,0.01581463773,0.04030098202,0
0.004435918955,0.0009600384015,0.005672218199,0.01581463773,0.04030098202,-0.0002550044626,0
0.0009600384015,0.005672218199,0.01581463773,0.04030098202,-0.0002550044626,0.009915014164,0
0.005672218199,0.01581463773,0.04030098202,-0.0002550044626,0.009915014164,0.003748222825,0
0.01581463773,0.04030098202,-0.0002550044626,0.009915014164,0.003748222825,-0.008839354343,0
0.04030098202,-0.0002550044626,0.009915014164,0.003748222825,-0.008839354343,-0.006743860542,1
-0.0002550044626,0.009915014164,0.003748222825,-0.008839354343,-0.006743860542,0.01589968976,1
0.009915014164,0.003748222825,-0.008839354343,-0.006743860542,0.01589968976,0.01097752222,1
0.003748222825,-0.008839354343,-0.006743860542,0.01589968976,0.01097752222,0.001439602146,1
-0.008839354343,-0.006743860542,0.01589968976,0.01097752222,0.001439602146,0.006056616195,1
-0.006743860542,0.01589968976,0.01097752222,0.001439602146,0.006056616195,-0.0003948407476,1
0.01589968976,0.01097752222,0.001439602146,0.006056616195,-0.0003948407476,0.01131372288,1
0.01097752222,0.001439602146,0.006056616195,-0.0003948407476,0.01131372288,0.02791079491,1
0.001439602146,0.006056616195,-0.0003948407476,0.01131372288,0.02791079491,0.02280996362,1
0.006056616195,-0.0003948407476,0.01131372288,0.02791079491,0.02280996362,0.0262817751,1
-0.0003948407476,0.01131372288,0.02791079491,0.02280996362,0.0262817751,0,1
0.01131372288,0.02791079491,0.02280996362,0.0262817751,0,-0.02465331279,1
0.02791079491,0.02280996362,0.0262817751,0,-0.02465331279,-0.0001400560224,1
0.02280996362,0.0262817751,0,-0.02465331279,-0.0001400560224,-0.03041825095,1
0.0262817751,0,-0.02465331279,-0.0001400560224,-0.03041825095,0.001768466875,1
0,-0.02465331279,-0.0001400560224,-0.03041825095,0.001768466875,0.00560875513,1
-0.02465331279,-0.0001400560224,-0.03041825095,0.001768466875,0.00560875513,0.01881533101,1
-0.0001400560224,-0.03041825095,0.001768466875,0.00560875513,0.01881533101,-0.0419281613,1
-0.03041825095,0.001768466875,0.00560875513,0.01881533101,-0.0419281613,0.1201017051,1
0.001768466875,0.00560875513,0.01881533101,-0.0419281613,0.1201017051,-0.01950432615,1
0.00560875513,0.01881533101,-0.0419281613,0.1201017051,-0.01950432615,0.001762891141,1
0.01881533101,-0.0419281613,0.1201017051,-0.01950432615,0.001762891141,-0.06084437086,1
-0.0419281613,0.1201017051,-0.01950432615,0.001762891141,-0.06084437086,-0.05415633564,1
0.1201017051,-0.01950432615,0.001762891141,-0.06084437086,-0.05415633564,0.007494083618,1
-0.01950432615,0.001762891141,-0.06084437086,-0.05415633564,0.007494083618,0.00821845175,1
0.001762891141,-0.06084437086,-0.05415633564,0.007494083618,0.00821845175,-0.0001325381047,1
-0.06084437086,-0.05415633564,0.007494083618,0.00821845175,-0.0001325381047,-0.02620030976,1
-0.05415633564,0.007494083618,0.00821845175,-0.0001325381047,-0.02620030976,-0.006029506094,1
0.007494083618,0.00821845175,-0.0001325381047,-0.02620030976,-0.006029506094,-0.01826196474,1
0.00821845175,-0.0001325381047,-0.02620030976,-0.006029506094,-0.01826196474,0.005317801975,1
-0.0001325381047,-0.02620030976,-0.006029506094,-0.01826196474,0.005317801975,0.02146921883,1
-0.02620030976,-0.006029506094,-0.01826196474,0.005317801975,0.02146921883,0.003895092184,1
-0.006029506094,-0.01826196474,0.005317801975,0.02146921883,0.003895092184,-0.002977346278,1
-0.01826196474,0.005317801975,0.02146921883,0.003895092184,-0.002977346278,0.01298190401,1
0.005317801975,0.02146921883,0.003895092184,-0.002977346278,0.01298190401,-0.0166344294,1
0.02146921883,0.003895092184,-0.002977346278,0.01298190401,-0.0166344294,0.005445352003,1
0.003895092184,-0.002977346278,0.01298190401,-0.0166344294,0.005445352003,0.0249833887,1
-0.002977346278,0.01298190401,-0.0166344294,0.005445352003,0.0249833887,-0.01890482399,1
0.01298190401,-0.0166344294,0.005445352003,0.0249833887,-0.01890482399,0.01120632828,1
-0.0166344294,0.005445352003,0.0249833887,-0.01890482399,0.01120632828,-0.002760978175,1
0.005445352003,0.0249833887,-0.01890482399,0.01120632828,-0.002760978175,-0.03818917552,1
0.0249833887,-0.01890482399,0.01120632828,-0.002760978175,-0.03818917552,0.007516881131,1
-0.01890482399,0.01120632828,-0.002760978175,-0.03818917552,0.007516881131,-0.02786722814,1
0.01120632828,-0.002760978175,-0.03818917552,0.007516881131,-0.02786722814,0.01355761988,1
-0.002760978175,-0.03818917552,0.007516881131,-0.02786722814,0.01355761988,-0.003627267042,1
-0.03818917552,0.007516881131,-0.02786722814,0.01355761988,-0.003627267042,-0.02201834862,1
0.007516881131,-0.02786722814,0.01355761988,-0.003627267042,-0.02201834862,0.01628543013,1
-0.02786722814,0.01355761988,-0.003627267042,-0.02201834862,0.01628543013,-0.02756286267,1
0.01355761988,-0.003627267042,-0.02201834862,0.01628543013,-0.02756286267,0.002059357965,0
-0.003627267042,-0.02201834862,0.01628543013,-0.02756286267,0.002059357965,-0.01244167963,0
-0.02201834862,0.01628543013,-0.02756286267,0.002059357965,-0.01244167963,-0.01205531261,0
0.01628543013,-0.02756286267,0.002059357965,-0.01244167963,-0.01205531261,-0.0206042366,0
-0.02756286267,0.002059357965,-0.01244167963,-0.01205531261,-0.0206042366,-0.004723502304,0
0.002059357965,-0.01244167963,-0.01205531261,-0.0206042366,-0.004723502304,0.0004610419548,0
-0.01244167963,-0.01205531261,-0.0206042366,-0.004723502304,0.0004610419548,0,0
-0.01205531261,-0.0206042366,-0.004723502304,0.0004610419548,0,0.002194755689,0
-0.0206042366,-0.004723502304,0.0004610419548,0,0.002194755689,0.003826530612,0
-0.004723502304,0.0004610419548,0,0.002194755689,0.003826530612,0.01434956481,0
0.0004610419548,0,0.002194755689,0.003826530612,0.01434956481,0.00105969622,0
0,0.002194755689,0.003826530612,0.01434956481,0.00105969622,-0.002817893625,0
0.002194755689,0.003826530612,0.01434956481,0.00105969622,-0.002817893625,0.01236182099,0
0.003826530612,0.01434956481,0.00105969622,-0.002817893625,0.01236182099,-0.01302205537,0
0.01434956481,0.00105969622,-0.002817893625,0.01236182099,-0.01302205537,0.005307229626,0
0.00105969622,-0.002817893625,0.01236182099,-0.01302205537,0.005307229626,0.004263887244,0
-0.002817893625,0.01236182099,-0.01302205537,0.005307229626,0.004263887244,0.01259294795,0
0.01236182099,-0.01302205537,0.005307229626,0.004263887244,0.01259294795,-0.008443334523,0
-0.01302205537,0.005307229626,0.004263887244,0.01259294795,-0.008443334523,-0.001425008906,0
0.005307229626,0.004263887244,0.01259294795,-0.008443334523,-0.001425008906,0.004413167939,0
0.004263887244,0.01259294795,-0.008443334523,-0.001425008906,0.004413167939,-0.002379819134,0
0.01259294795,-0.008443334523,-0.001425008906,0.004413167939,-0.002379819134,0.01583464281,0
-0.008443334523,-0.001425008906,0.004413167939,-0.002379819134,0.01583464281,-0.02978773308,0
-0.001425008906,0.004413167939,-0.002379819134,0.01583464281,-0.02978773308,-0.00582954413,0
0.004413167939,-0.002379819134,0.01583464281,-0.02978773308,-0.00582954413,0.002103049422,0
-0.002379819134,0.01583464281,-0.02978773308,-0.00582954413,0.002103049422,0.01325914526,0
0.01583464281,-0.02978773308,-0.00582954413,0.002103049422,0.01325914526,0,0
-0.02978773308,-0.00582954413,0.002103049422,0.01325914526,0,0.005834722553,0
-0.00582954413,0.002103049422,0.01325914526,0,0.005834722553,0.01646090535,0
0.002103049422,0.01325914526,0,0.005834722553,0.01646090535,-0.00685178507,0
0.01325914526,0,0.005834722553,0.01646090535,-0.00685178507,0.02312138728,0
0,0.005834722553,0.01646090535,-0.00685178507,0.02312138728,-0.001351019406,0
0.005834722553,0.01646090535,-0.00685178507,0.02312138728,-0.001351019406,-0.003061099547,0
0.01646090535,-0.00685178507,0.02312138728,-0.001351019406,-0.003061099547,0,0
-0.00685178507,0.02312138728,-0.001351019406,-0.003061099547,0,-0.01590553079,0
0.02312138728,-0.001351019406,-0.003061099547,0,-0.01590553079,0.0003616200579,0
-0.001351019406,-0.003061099547,0,-0.01590553079,0.0003616200579,-0.01787616905,0
-0.003061099547,0,-0.01590553079,0.0003616200579,-0.01787616905,0.01089037817,0
0,-0.01590553079,0.0003616200579,-0.01787616905,0.01089037817,0.01679240691,0
-0.01590553079,0.0003616200579,-0.01787616905,0.01089037817,0.01679240691,0,0
0.0003616200579,-0.01787616905,0.01089037817,0.01679240691,0,-0.001821936111,0
-0.01787616905,0.01089037817,0.01679240691,0,-0.001821936111,-0.008788827354,0
0.01089037817,0.01679240691,0,-0.001821936111,-0.008788827354,-0.01283574994,0
0.01679240691,0,-0.001821936111,-0.008788827354,-0.01283574994,-0.01371468761,0
0,-0.001821936111,-0.008788827354,-0.01283574994,-0.01371468761,0,0
-0.001821936111,-0.008788827354,-0.01283574994,-0.01371468761,0,-0.001404658785,0
-0.008788827354,-0.01283574994,-0.01371468761,0,-0.001404658785,0.01364499288,0
-0.01283574994,-0.01371468761,0,-0.001404658785,0.01364499288,0.01018818171,0
-0.01371468761,0,-0.001404658785,0.01364499288,0.01018818171,0.00833937636,0
0,-0.001404658785,0.01364499288,0.01018818171,0.00833937636,-0.004691447131,0
-0.001404658785,0.01364499288,0.01018818171,0.00833937636,-0.004691447131,-0.03606215213,0
0.01364499288,0.01018818171,0.00833937636,-0.004691447131,-0.03606215213,-0.004272024016,0
0.01018818171,0.00833937636,-0.004691447131,-0.03606215213,-0.004272024016,0.01452500879,0
0.00833937636,-0.004691447131,-0.03606215213,-0.004272024016,0.01452500879,0.007672332389,0
-0.004691447131,-0.03606215213,-0.004272024016,0.01452500879,0.007672332389,-0.07207009858,0
-0.03606215213,-0.004272024016,0.01452500879,0.007672332389,-0.07207009858,0.01851851852,0
-0.004272024016,0.01452500879,0.007672332389,-0.07207009858,0.01851851852,-0.003446359088,0
0.01452500879,0.007672332389,-0.07207009858,0.01851851852,-0.003446359088,-0.008378348583,0
0.007672332389,-0.07207009858,0.01851851852,-0.003446359088,-0.008378348583,0.009234534935,0
-0.07207009858,0.01851851852,-0.003446359088,-0.008378348583,0.009234534935,-0.002995008319,0
0.01851851852,-0.003446359088,-0.008378348583,0.009234534935,-0.002995008319,0.01235261089,0
-0.003446359088,-0.008378348583,0.009234534935,-0.002995008319,0.01235261089,0.003041225501,0
-0.008378348583,0.009234534935,-0.002995008319,0.01235261089,0.003041225501,0.01116173121,0
0.009234534935,-0.002995008319,0.01235261089,0.003041225501,0.01116173121,0,0
-0.002995008319,0.01235261089,0.003041225501,0.01116173121,0,0.008847523842,0
0.01235261089,0.003041225501,0.01116173121,0,0.008847523842,-0.008431126809,0
0.003041225501,0.01116173121,0,0.008847523842,-0.008431126809,0.00561411549,0
0.01116173121,0,0.008847523842,-0.008431126809,0.00561411549,0.001376778339,0
0,0.008847523842,-0.008431126809,0.00561411549,0.001376778339,0.001608825557,0
0.008847523842,-0.008431126809,0.00561411549,0.001376778339,0.001608825557,0.00369088812,0
-0.008431126809,0.00561411549,0.001376778339,0.001608825557,0.00369088812,-0.0009218713989,0
0.00561411549,0.001376778339,0.001608825557,0.00369088812,-0.0009218713989,0.007079029825,0
0.001376778339,0.001608825557,0.00369088812,-0.0009218713989,0.007079029825,0.007247223846,0
0.001608825557,0.00369088812,-0.0009218713989,0.007079029825,0.007247223846,-0.0240702715,0
0.00369088812,-0.0009218713989,0.007079029825,0.007247223846,-0.0240702715,-0.006572982774,0
-0.0009218713989,0.007079029825,0.007247223846,-0.0240702715,-0.006572982774,-0.00169702455,0
0.007079029825,0.007247223846,-0.0240702715,-0.006572982774,-0.00169702455,-0.001806888763,0
0.007247223846,-0.0240702715,-0.006572982774,-0.00169702455,-0.001806888763,-0.00045151823,0
-0.0240702715,-0.006572982774,-0.00169702455,-0.001806888763,-0.00045151823,0.0007907817442,0
-0.006572982774,-0.00169702455,-0.001806888763,-0.00045151823,0.0007907817442,0.01537049782,0
-0.00169702455,-0.001806888763,-0.00045151823,0.0007907817442,0.01537049782,0.02733914683,0
-0.001806888763,-0.00045151823,0.0007907817442,0.01537049782,0.02733914683,0.01325373134,0
-0.00045151823,0.0007907817442,0.01537049782,0.02733914683,0.01325373134,-0.003569303986,0
0.0007907817442,0.01537049782,0.02733914683,0.01325373134,-0.003569303986,0.007189934092,0
0.01537049782,0.02733914683,0.01325373134,-0.003569303986,0.007189934092,-0.02443301379,0
0.02733914683,0.01325373134,-0.003569303986,0.007189934092,-0.02443301379,-0.007886801206,0
0.01325373134,-0.003569303986,0.007189934092,-0.02443301379,-0.007886801206,0.009720107741,0
-0.003569303986,0.007189934092,-0.02443301379,-0.007886801206,0.009720107741,0,0
0.007189934092,-0.02443301379,-0.007886801206,0.009720107741,0,0.005771495878,0
-0.02443301379,-0.007886801206,0.009720107741,0,0.005771495878,0.008193801211,0
-0.007886801206,0.009720107741,0,0.005771495878,0.008193801211,-0.01554828151,0
0.009720107741,0,0.005771495878,0.008193801211,-0.01554828151,0.001053247513,0
0,0.005771495878,0.008193801211,-0.01554828151,0.001053247513,0.001758499414,0
0.005771495878,0.008193801211,-0.01554828151,0.001053247513,0.001758499414,0.006608449375,0
0.008193801211,-0.01554828151,0.001053247513,0.001758499414,0.006608449375,0.0007085498347,0
-0.01554828151,0.001053247513,0.001758499414,0.006608449375,0.0007085498347,0.0007090522335,0
0.001053247513,0.001758499414,0.006608449375,0.0007085498347,0.0007090522335,-0.01375291375,0
0.001758499414,0.006608449375,0.0007085498347,0.0007090522335,-0.01375291375,0.008225616921,0
0.006608449375,0.0007085498347,0.0007090522335,-0.01375291375,0.008225616921,0.001412096964,0
0.0007085498347,0.0007090522335,-0.01375291375,0.008225616921,0.001412096964,-0.001292748854,0
0.0007090522335,-0.01375291375,0.008225616921,0.001412096964,-0.001292748854,0.007936507937,0
-0.01375291375,0.008225616921,0.001412096964,-0.001292748854,0.007936507937,0.01551786359,0
0.008225616921,0.001412096964,-0.001292748854,0.007936507937,0.01551786359,-0.01176890157,0
0.001412096964,-0.001292748854,0.007936507937,0.01551786359,-0.01176890157,0.01215256888,0
-0.001292748854,0.007936507937,0.01551786359,-0.01176890157,0.01215256888,-0.0006012506013,0
0.007936507937,0.01551786359,-0.01176890157,0.01215256888,-0.0006012506013,0.001686340641,0
0.01551786359,-0.01176890157,0.01215256888,-0.0006012506013,0.001686340641,-0.01436542799,0
-0.01176890157,0.01215256888,-0.0006012506013,0.001686340641,-0.01436542799,0.002618735865,0
0.01215256888,-0.0006012506013,0.001686340641,-0.01436542799,0.002618735865,-0.005445720374,0
-0.0006012506013,0.001686340641,-0.01436542799,0.002618735865,-0.005445720374,0.007153928699,0
0.001686340641,-0.01436542799,0.002618735865,-0.005445720374,0.007153928699,0.001313276027,0
-0.01436542799,0.002618735865,-0.005445720374,0.007153928699,0.001313276027,0.004677941706,0
0.002618735865,-0.005445720374,0.007153928699,0.001313276027,0.004677941706,0.003007699711,0
-0.005445720374,0.007153928699,0.001313276027,0.004677941706,0.003007699711,-0.002520100804,0
0.007153928699,0.001313276027,0.004677941706,0.003007699711,-0.002520100804,0.02572624323,0
0.001313276027,0.004677941706,0.003007699711,-0.002520100804,0.02572624323,-0.004533758118,0
0.004677941706,0.003007699711,-0.002520100804,0.02572624323,-0.004533758118,0.0004903763639,0
0.003007699711,-0.002520100804,0.02572624323,-0.004533758118,0.0004903763639,-0.004758418741,0
-0.002520100804,0.02572624323,-0.004533758118,0.0004903763639,-0.004758418741,0.004781169548,0
0.02572624323,-0.004533758118,0.0004903763639,-0.004758418741,0.004781169548,0.00965466023,0
-0.004533758118,0.0004903763639,-0.004758418741,0.004781169548,0.00965466023,0.02162367223,0
0.0004903763639,-0.004758418741,0.004781169548,0.00965466023,0.02162367223,0.009059589128,0
-0.004758418741,0.004781169548,0.00965466023,0.02162367223,0.009059589128,0.01292490629,0
0.004781169548,0.00965466023,0.02162367223,0.009059589128,0.01292490629,-0.02679245283,0
0.00965466023,0.02162367223,0.009059589128,0.01292490629,-0.02679245283,0.0005033979361,0
0.02162367223,0.009059589128,0.01292490629,-0.02679245283,0.0005033979361,-0.00200954534,0
0.009059589128,0.01292490629,-0.02679245283,0.0005033979361,-0.00200954534,0,0
0.01292490629,-0.02679245283,0.0005033979361,-0.00200954534,0,-0.03138686131,0
-0.02679245283,0.0005033979361,-0.00200954534,0,-0.03138686131,0.01281419418,0
0.0005033979361,-0.00200954534,0,-0.03138686131,0.01281419418,-0.001353512981,0
-0.00200954534,0,-0.03138686131,0.01281419418,-0.001353512981,-0.01179474708,0
0,-0.03138686131,0.01281419418,-0.001353512981,-0.01179474708,0.003293888008,0
-0.03138686131,0.01281419418,-0.001353512981,-0.01179474708,0.003293888008,-0.01038271158,0
0.01281419418,-0.001353512981,-0.01179474708,0.003293888008,-0.01038271158,0.01172590693,0
-0.001353512981,-0.01179474708,0.003293888008,-0.01038271158,0.01172590693,-0.01681277771,0
-0.01179474708,0.003293888008,-0.01038271158,0.01172590693,-0.01681277771,0.005312084993,0
0.003293888008,-0.01038271158,0.01172590693,-0.01681277771,0.005312084993,-0.002408767915,0
-0.01038271158,0.01172590693,-0.01681277771,0.005312084993,-0.002408767915,0.01317876754,0
0.01172590693,-0.01681277771,0.005312084993,-0.002408767915,0.01317876754,0.0009771589105,0
-0.01681277771,0.005312084993,-0.002408767915,0.01317876754,0.0009771589105,0.02478407811,0
0.005312084993,-0.002408767915,0.01317876754,0.0009771589105,0.02478407811,0.0008769731897,0
-0.002408767915,0.01317876754,0.0009771589105,0.02478407811,0.0008769731897,0.02491011813,0
0.01317876754,0.0009771589105,0.02478407811,0.0008769731897,0.02491011813,0.001800874711,0
0.0009771589105,0.02478407811,0.0008769731897,0.02491011813,0.001800874711,0.00530195267,0
0.02478407811,0.0008769731897,0.02491011813,0.001800874711,0.00530195267,0.03051705757,0
0.0008769731897,0.02491011813,0.001800874711,0.00530195267,0.03051705757,-0.01159114858,0
0.02491011813,0.001800874711,0.00530195267,0.03051705757,-0.01159114858,0.01011176158,0
0.001800874711,0.00530195267,0.03051705757,-0.01159114858,0.01011176158,-0.02956746288,0
0.00530195267,0.03051705757,-0.01159114858,0.01011176158,-0.02956746288,-0.02394454946,0
0.03051705757,-0.01159114858,0.01011176158,-0.02956746288,-0.02394454946,-0.02434526005,0
-0.01159114858,0.01011176158,-0.02956746288,-0.02394454946,-0.02434526005,0.03014566181,0
0.01011176158,-0.02956746288,-0.02394454946,-0.02434526005,0.03014566181,-0.01386460155,0
-0.02956746288,-0.02394454946,-0.02434526005,0.03014566181,-0.01386460155,0.001877111751,0
-0.02394454946,-0.02434526005,0.03014566181,-0.01386460155,0.001877111751,0.01024020228,0
-0.02434526005,0.03014566181,-0.01386460155,0.001877111751,0.01024020228,-0.01063164478,0
0.03014566181,-0.01386460155,0.001877111751,0.01024020228,-0.01063164478,-0.03651482285,0
-0.01386460155,0.001877111751,0.01024020228,-0.01063164478,-0.03651482285,-0.003482646812,0
0.001877111751,0.01024020228,-0.01063164478,-0.03651482285,-0.003482646812,0.01524018532,0
0.01024020228,-0.01063164478,-0.03651482285,-0.003482646812,0.01524018532,-0.009300640174,0
-0.01063164478,-0.03651482285,-0.003482646812,0.01524018532,-0.009300640174,-0.004808270225,0
-0.03651482285,-0.003482646812,0.01524018532,-0.009300640174,-0.004808270225,-0.02940147007,0
-0.003482646812,0.01524018532,-0.009300640174,-0.004808270225,-0.02940147007,0.0004669079024,0
0.01524018532,-0.009300640174,-0.004808270225,-0.02940147007,0.0004669079024,0.002691947566,0
-0.009300640174,-0.004808270225,-0.02940147007,0.0004669079024,0.002691947566,0.005886508123,0
-0.004808270225,-0.02940147007,0.0004669079024,0.002691947566,0.005886508123,-0.02244216826,0
-0.02940147007,0.0004669079024,0.002691947566,0.005886508123,-0.02244216826,0.01081898557,0
0.0004669079024,0.002691947566,0.005886508123,-0.02244216826,0.01081898557,0.0006984866123,0
0.002691947566,0.005886508123,-0.02244216826,0.01081898557,0.0006984866123,0.002216777506,0
0.005886508123,-0.02244216826,0.01081898557,0.0006984866123,0.002216777506,0,0
-0.02244216826,0.01081898557,0.0006984866123,0.002216777506,0,0.01025459689,0
0.01081898557,0.0006984866123,0.002216777506,0,0.01025459689,0.008799048751,0
0.0006984866123,0.002216777506,0,0.01025459689,0.008799048751,0.009967575357,0
0.002216777506,0,0.01025459689,0.008799048751,0.009967575357,0.006527257343,0
0,0.01025459689,0.008799048751,0.009967575357,0.006527257343,-0.005409954316,0
0.01025459689,0.008799048751,0.009967575357,0.006527257343,-0.005409954316,0.001927246447,0
0.008799048751,0.009967575357,0.006527257343,-0.005409954316,0.001927246447,0.002535925613,0
0.009967575357,0.006527257343,-0.005409954316,0.001927246447,0.002535925613,0.0114816172,0
0.006527257343,-0.005409954316,0.001927246447,0.002535925613,0.0114816172,-0.01135128608,0
-0.005409954316,0.001927246447,0.002535925613,0.0114816172,-0.01135128608,-0.002649644707,0
0.001927246447,0.002535925613,0.0114816172,-0.01135128608,-0.002649644707,0,0
0.002535925613,0.0114816172,-0.01135128608,-0.002649644707,0,-0.007886246863,0
0.0114816172,-0.01135128608,-0.002649644707,0,-0.007886246863,0.0002390343014,0
-0.01135128608,-0.002649644707,0,-0.007886246863,0.0002390343014,0.01234119782,0
-0.002649644707,0,-0.007886246863,0.0002390343014,0.01234119782,0.0042527339,0
0,-0.007886246863,0.0002390343014,0.01234119782,0.0042527339,0.005743614811,0
-0.007886246863,0.0002390343014,0.01234119782,0.0042527339,0.005743614811,0.013374613,0
0.0002390343014,0.01234119782,0.0042527339,0.005743614811,0.013374613,0.006983414391,0
0.01234119782,0.0042527339,0.005743614811,0.013374613,0.006983414391,0.00400651058,0
0.0042527339,0.005743614811,0.013374613,0.006983414391,0.00400651058,-0.001125562781,0
0.005743614811,0.013374613,0.006983414391,0.00400651058,-0.001125562781,-0.0007498125469,0
0.013374613,0.006983414391,0.00400651058,-0.001125562781,-0.0007498125469,0.02040295843,0
0.006983414391,0.00400651058,-0.001125562781,-0.0007498125469,0.02040295843,0.002941552628,0
0.00400651058,-0.001125562781,-0.0007498125469,0.02040295843,0.002941552628,0.003465092402,0
-0.001125562781,-0.0007498125469,0.02040295843,0.002941552628,0.003465092402,-0.0001283202874,0
-0.0007498125469,0.02040295843,0.002941552628,0.003465092402,-0.0001283202874,-0.01053834434,0
0.02040295843,0.002941552628,0.003465092402,-0.0001283202874,-0.01053834434,-0.007060010086,0
0.002941552628,0.003465092402,-0.0001283202874,-0.01053834434,-0.007060010086,0,0
0.003465092402,-0.0001283202874,-0.01053834434,-0.007060010086,0,0.003288641538,0
-0.0001283202874,-0.01053834434,-0.007060010086,0,0.003288641538,0.009706257982,0
-0.01053834434,-0.007060010086,0,0.003288641538,0.009706257982,-0.004323499491,0
-0.007060010086,0,0.003288641538,0.009706257982,-0.004323499491,-0.0005083884087,0
0,0.003288641538,0.009706257982,-0.004323499491,-0.0005083884087,0.002165329257,0
0.003288641538,0.009706257982,-0.004323499491,-0.0005083884087,0.002165329257,0.006796614517,0
0.009706257982,-0.004323499491,-0.0005083884087,0.002165329257,0.006796614517,-0.0006407791875,0
-0.004323499491,-0.0005083884087,0.002165329257,0.006796614517,-0.0006407791875,-0.00204629748,0
-0.0005083884087,0.002165329257,0.006796614517,-0.0006407791875,-0.00204629748,0.01519085952,0
0.002165329257,0.006796614517,-0.0006407791875,-0.00204629748,0.01519085952,0.006797385621,0
0.006796614517,-0.0006407791875,-0.00204629748,0.01519085952,0.006797385621,0.002095886822,0
-0.0006407791875,-0.00204629748,0.01519085952,0.006797385621,0.002095886822,0.002626740215,0
-0.00204629748,0.01519085952,0.006797385621,0.002095886822,0.002626740215,0.001710301276,0
0.01519085952,0.006797385621,0.002095886822,0.002626740215,0.001710301276,-0.0003945291952,0
0.006797385621,0.002095886822,0.002626740215,0.001710301276,-0.0003945291952,-0.0001314924392,0
0.002095886822,0.002626740215,0.001710301276,-0.0003945291952,-0.0001314924392,0.01130319149,0
0.002626740215,0.001710301276,-0.0003945291952,-0.0001314924392,0.01130319149,0.0199376102,0
0.001710301276,-0.0003945291952,-0.0001314924392,0.01130319149,0.0199376102,0.01277472527,0
-0.0003945291952,-0.0001314924392,0.01130319149,0.0199376102,0.01277472527,-0.006956758969,0
-0.0001314924392,0.01130319149,0.0199376102,0.01277472527,-0.006956758969,-0.01926421405,0
0.01130319149,0.0199376102,0.01277472527,-0.006956758969,-0.01926421405,0.003625134264,0
0.0199376102,0.01277472527,-0.006956758969,-0.01926421405,0.003625134264,0.01637554585,0
0.01277472527,-0.006956758969,-0.01926421405,0.003625134264,0.01637554585,-0.005563848555,0
-0.006956758969,-0.01926421405,0.003625134264,0.01637554585,-0.005563848555,0.003267528931,0
-0.01926421405,0.003625134264,0.01637554585,-0.005563848555,0.003267528931,0.01506357103,0
0.003625134264,0.01637554585,-0.005563848555,0.003267528931,0.01506357103,0.01019126064,0
0.01637554585,-0.005563848555,0.003267528931,0.01506357103,0.01019126064,-0.02064533771,0
-0.005563848555,0.003267528931,0.01506357103,0.01019126064,-0.02064533771,-0.005709624796,0
0.003267528931,0.01506357103,0.01019126064,-0.02064533771,-0.005709624796,-0.0124848973,0
0.01506357103,0.01019126064,-0.02064533771,-0.005709624796,-0.0124848973,0.0004029008864,0
0.01019126064,-0.02064533771,-0.005709624796,-0.0124848973,0.0004029008864,-0.01651036851,0
-0.02064533771,-0.005709624796,-0.0124848973,0.0004029008864,-0.01651036851,-0.01675324675,0
-0.005709624796,-0.0124848973,0.0004029008864,-0.01651036851,-0.01675324675,0.01650165017,0
-0.0124848973,0.0004029008864,-0.01651036851,-0.01675324675,0.01650165017,-0.008897029962,0
0.0004029008864,-0.01651036851,-0.01675324675,0.01650165017,-0.008897029962,0.003940627873,0
-0.01651036851,-0.01675324675,0.01650165017,-0.008897029962,0.003940627873,-0.0005251411317,0
-0.01675324675,0.01650165017,-0.008897029962,0.003940627873,-0.0005251411317,0.01276426007,0
0.01650165017,-0.008897029962,0.003940627873,-0.0005251411317,0.01276426007,-0.01557591623,0
-0.008897029962,0.003940627873,-0.0005251411317,0.01276426007,-0.01557591623,0.002230093139,0
0.003940627873,-0.0005251411317,0.01276426007,-0.01557591623,0.002230093139,-0.009227969847,0
-0.0005251411317,0.01276426007,-0.01557591623,0.002230093139,-0.009227969847,0,0
0.01276426007,-0.01557591623,0.002230093139,-0.009227969847,0,0.001953379346,0
-0.01557591623,0.002230093139,-0.009227969847,0,0.001953379346,-0.001560265245,0
0.002230093139,-0.009227969847,0,0.001953379346,-0.001560265245,0.003915937867,0
-0.009227969847,0,0.001953379346,-0.001560265245,0.003915937867,-0.003641565873,0
0,0.001953379346,-0.001560265245,0.003915937867,-0.003641565873,-0.003499222395,0
0.001953379346,-0.001560265245,0.003915937867,-0.003641565873,-0.003499222395,0.001037882719,0
-0.001560265245,0.003915937867,-0.003641565873,-0.003499222395,0.001037882719,0.004299674267,0
0.003915937867,-0.003641565873,-0.003499222395,0.001037882719,0.004299674267,0.01173213815,0
-0.003641565873,-0.003499222395,0.001037882719,0.004299674267,0.01173213815,0.002643404705,0
-0.003499222395,0.001037882719,0.004299674267,0.01173213815,0.002643404705,0.009877202349,0
0.001037882719,0.004299674267,0.01173213815,0.002643404705,0.009877202349,-0.01160949868,0
0.004299674267,0.01173213815,0.002643404705,0.009877202349,-0.01160949868,-0.00289397527,0
0.01173213815,0.002643404705,0.009877202349,-0.01160949868,-0.00289397527,-0.008348552048,0
0.002643404705,0.009877202349,-0.01160949868,-0.00289397527,-0.008348552048,0.01496094267,0
0.009877202349,-0.01160949868,-0.00289397527,-0.008348552048,0.01496094267,-0.003824848325,0
-0.01160949868,-0.00289397527,-0.008348552048,0.01496094267,-0.003824848325,-0.01532467532,0
-0.00289397527,-0.008348552048,0.01496094267,-0.003824848325,-0.01532467532,0.01569713758,0
-0.008348552048,0.01496094267,-0.003824848325,-0.01532467532,0.01569713758,0.006639224539,0
0.01496094267,-0.003824848325,-0.01532467532,0.01569713758,0.006639224539,-0.01799452341,0
-0.003824848325,-0.01532467532,0.01569713758,0.006639224539,-0.01799452341,-0.004155304506,0
-0.01532467532,0.01569713758,0.006639224539,-0.01799452341,-0.004155304506,0.01435721812,0
0.01569713758,0.006639224539,-0.01799452341,-0.004155304506,0.01435721812,0.009574468085,0
0.006639224539,-0.01799452341,-0.004155304506,0.01435721812,0.009574468085,-0.005291005291,0
-0.01799452341,-0.004155304506,0.01435721812,0.009574468085,-0.005291005291,0.002120890774,0
-0.004155304506,0.01435721812,0.009574468085,-0.005291005291,0.002120890774,-0.0002650410814,0
0.01435721812,0.009574468085,-0.005291005291,0.002120890774,-0.0002650410814,-0.003828382838,0
0.009574468085,-0.005291005291,0.002120890774,-0.0002650410814,-0.003828382838,0.03005167256,0
-0.005291005291,0.002120890774,-0.0002650410814,-0.003828382838,0.03005167256,-0.003793010024,0
0.002120890774,-0.0002650410814,-0.003828382838,0.03005167256,-0.003793010024,0,0
-0.0002650410814,-0.003828382838,0.03005167256,-0.003793010024,0,-0.007929041795,0
-0.003828382838,0.03005167256,-0.003793010024,0,-0.007929041795,-0.009055799707,0
0.03005167256,-0.003793010024,0,-0.007929041795,-0.009055799707,0.002269087026,0
-0.003793010024,0,-0.007929041795,-0.009055799707,0.002269087026,0.01188546731,0
0,-0.007929041795,-0.009055799707,0.002269087026,0.01188546731,-0.01581815765,0
-0.007929041795,-0.009055799707,0.002269087026,0.01188546731,-0.01581815765,-0.00449913987,0
-0.009055799707,0.002269087026,0.01188546731,-0.01581815765,-0.00449913987,0.01015906964,0
0.002269087026,0.01188546731,-0.01581815765,-0.00449913987,0.01015906964,0.001606640782,0
0.01188546731,-0.01581815765,-0.00449913987,0.01015906964,0.001606640782,0.01027999459,0
-0.01581815765,-0.00449913987,0.01015906964,0.001606640782,0.01027999459,-0.0021595357,0
-0.00449913987,0.01015906964,0.001606640782,0.01027999459,-0.0021595357,-0.001751549448,0
0.01015906964,0.001606640782,0.01027999459,-0.0021595357,-0.001751549448,0.01699095643,0
0.001606640782,0.01027999459,-0.0021595357,-0.001751549448,0.01699095643,0.01220527046,0
0.01027999459,-0.0021595357,-0.001751549448,0.01699095643,0.01220527046,-0.01944784442,0
-0.0021595357,-0.001751549448,0.01699095643,0.01220527046,-0.01944784442,-0.006754018641,0
-0.001751549448,0.01699095643,0.01220527046,-0.01944784442,-0.006754018641,0.01009687543,0
0.01699095643,0.01220527046,-0.01944784442,-0.006754018641,0.01009687543,-0.005698005698,0
0.01220527046,-0.01944784442,-0.006754018641,0.01009687543,-0.005698005698,0.001086513649,0
-0.01944784442,-0.006754018641,0.01009687543,-0.005698005698,0.001086513649,0.00546224225,0
-0.006754018641,0.01009687543,-0.005698005698,0.001086513649,0.00546224225,0.004113533525,0
0.01009687543,-0.005698005698,0.001086513649,0.00546224225,0.004113533525,0.0009607466374,0
-0.005698005698,0.001086513649,0.00546224225,0.004113533525,0.0009607466374,0.01944871974,0
0.001086513649,0.00546224225,0.004113533525,0.0009607466374,0.01944871974,0.01462237365,0
0.00546224225,0.004113533525,0.0009607466374,0.01944871974,0.01462237365,-0.005646527386,0
0.004113533525,0.0009607466374,0.01944871974,0.01462237365,-0.005646527386,0,0
0.0009607466374,0.01944871974,0.01462237365,-0.005646527386,0,-0.0001411432604,0
0.01944871974,0.01462237365,-0.005646527386,0,-0.0001411432604,0.0005648919644,0
0.01462237365,-0.005646527386,0,-0.0001411432604,0.0005648919644,0.001697552695,0
-0.005646527386,0,-0.0001411432604,0.0005648919644,0.001697552695,0.006836632958,0
0,-0.0001411432604,0.0005648919644,0.001697552695,0.006836632958,0.001712084463,0
-0.0001411432604,0.0005648919644,0.001697552695,0.006836632958,0.001712084463,0.02112470862,0
0.0005648919644,0.001697552695,0.006836632958,0.001712084463,0.02112470862,0.001312910284,0
0.001697552695,0.006836632958,0.001712084463,0.02112470862,0.001312910284,-0.005368543239,0
0.006836632958,0.001712084463,0.02112470862,0.001312910284,-0.005368543239,-0.01048097631,0
0.001712084463,0.02112470862,0.001312910284,-0.005368543239,-0.01048097631,0,0
0.02112470862,0.001312910284,-0.005368543239,-0.01048097631,0,-0.01665960751,0
0.001312910284,-0.005368543239,-0.01048097631,0,-0.01665960751,-0.004497540408,0
-0.005368543239,-0.01048097631,0,-0.01665960751,-0.004497540408,-0.0004214667041,0
-0.01048097631,0,-0.01665960751,-0.004497540408,-0.0004214667041,0.001688713763,0
0,-0.01665960751,-0.004497540408,-0.0004214667041,0.001688713763,0,0
-0.01665960751,-0.004497540408,-0.0004214667041,0.001688713763,0,0.005945639864,0
-0.004497540408,-0.0004214667041,0.001688713763,0,0.005945639864,0.001133786848,0
-0.0004214667041,0.001688713763,0,0.005945639864,0.001133786848,0.01219337254,0
0.001688713763,0,0.005945639864,0.001133786848,0.01219337254,-0.01525639215,0
0,0.005945639864,0.001133786848,0.01219337254,-0.01525639215,0.004968767746,0
0.005945639864,0.001133786848,0.01219337254,-0.01525639215,0.004968767746,0.006429489927,0
0.001133786848,0.01219337254,-0.01525639215,0.004968767746,0.006429489927,0.005025847214,0
0.01219337254,-0.01525639215,0.004968767746,0.006429489927,0.005025847214,-0.001433897333,0
-0.01525639215,0.004968767746,0.006429489927,0.005025847214,-0.001433897333,0.01277955272,0
0.004968767746,0.006429489927,0.005025847214,-0.001433897333,0.01277955272,0.008199121523,0
0.006429489927,0.005025847214,-0.001433897333,0.01277955272,0.008199121523,0.008415768493,0
0.005025847214,-0.001433897333,0.01277955272,0.008199121523,0.008415768493,0.003853564547,0
-0.001433897333,0.01277955272,0.008199121523,0.008415768493,0.003853564547,0.01489169675,0
0.01277955272,0.008199121523,0.008415768493,0.003853564547,0.01489169675,-0.005683517798,0
0.008199121523,0.008415768493,0.003853564547,0.01489169675,-0.005683517798,0.0023988006,0
0.008415768493,0.003853564547,0.01489169675,-0.005683517798,0.0023988006,-0.009945079412,0
0.003853564547,0.01489169675,-0.005683517798,0.0023988006,-0.009945079412,0.003126861227,0
0.01489169675,-0.005683517798,0.0023988006,-0.009945079412,0.003126861227,-0.002376708259,0
-0.005683517798,0.0023988006,-0.009945079412,0.003126861227,-0.002376708259,-0.001335113485,0
0.0023988006,-0.009945079412,0.003126861227,-0.002376708259,-0.001335113485,0.003125,0
-0.009945079412,0.003126861227,-0.002376708259,-0.001335113485,0.003125,-0.001337494427,0
0.003126861227,-0.002376708259,-0.001335113485,0.003125,-0.001337494427,0,0
-0.002376708259,-0.001335113485,0.003125,-0.001337494427,0,-0.001335707925,0
-0.001335113485,0.003125,-0.001337494427,0,-0.001335707925,0.004172876304,0
0.003125,-0.001337494427,0,-0.001335707925,0.004172876304,-0.005778633872,0
-0.001337494427,0,-0.001335707925,0.004172876304,-0.005778633872,0.01184407796,0
0,-0.001335707925,0.004172876304,-0.005778633872,0.01184407796,0.000299940012,0
-0.001335707925,0.004172876304,-0.005778633872,0.01184407796,0.000299940012,0.001050893259,0
0.004172876304,-0.005778633872,0.01184407796,0.000299940012,0.001050893259,0.0004505857615,0
-0.005778633872,0.01184407796,0.000299940012,0.001050893259,0.0004505857615,0.02147898128,0
0.01184407796,0.000299940012,0.001050893259,0.0004505857615,0.02147898128,-0.003059039462,0
0.000299940012,0.001050893259,0.0004505857615,0.02147898128,-0.003059039462,0.02252111354,0
0.001050893259,0.0004505857615,0.02147898128,-0.003059039462,0.02252111354,-0.008067018306,0
0.0004505857615,0.02147898128,-0.003059039462,0.02252111354,-0.008067018306,0.00108712533,0
0.02147898128,-0.003059039462,0.02252111354,-0.008067018306,0.00108712533,0.009405862988,0
-0.003059039462,0.02252111354,-0.008067018306,0.00108712533,0.009405862988,0.003618628068,0
0.02252111354,-0.008067018306,0.00108712533,0.009405862988,0.003618628068,0.01194077376,0
-0.008067018306,0.00108712533,0.009405862988,0.003618628068,0.01194077376,0.01749554512,1
0.00108712533,0.009405862988,0.003618628068,0.01194077376,0.01749554512,0.01763930102,1
0.009405862988,0.003618628068,0.01194077376,0.01749554512,0.01763930102,0.005136702568,1
0.003618628068,0.01194077376,0.01749554512,0.01763930102,0.005136702568,0.0110571285,1
0.01194077376,0.01749554512,0.01763930102,0.005136702568,0.0110571285,0.004882154882,1
0.01749554512,0.01763930102,0.005136702568,0.0110571285,0.004882154882,-0.01899256813,1
0.01763930102,0.005136702568,0.0110571285,0.004882154882,-0.01899256813,-0.02464561856,1
0.005136702568,0.0110571285,0.004882154882,-0.01899256813,-0.02464561856,0.009595056107,1
0.0110571285,0.004882154882,-0.01899256813,-0.02464561856,0.009595056107,0.002935899527,1
0.004882154882,-0.01899256813,-0.02464561856,0.009595056107,0.002935899527,-0.01510040161,1
-0.01899256813,-0.02464561856,0.009595056107,0.002935899527,-0.01510040161,-0.008442179038,1
-0.02464561856,0.009595056107,0.002935899527,-0.01510040161,-0.008442179038,-0.01413316583,1
0.009595056107,0.002935899527,-0.01510040161,-0.008442179038,-0.01413316583,-0.003442879499,1
0.002935899527,-0.01510040161,-0.008442179038,-0.01413316583,-0.003442879499,0.01187648456,1
-0.01510040161,-0.008442179038,-0.01413316583,-0.003442879499,0.01187648456,-0.0126641651,1
-0.008442179038,-0.01413316583,-0.003442879499,0.01187648456,-0.0126641651,-0.003738317757,1
-0.01413316583,-0.003442879499,0.01187648456,-0.0126641651,-0.003738317757,0.007216818324,1
-0.003442879499,0.01187648456,-0.0126641651,-0.003738317757,0.007216818324,0.005521375611,1
0.01187648456,-0.0126641651,-0.003738317757,0.007216818324,0.005521375611,0.00491439442,1
-0.0126641651,-0.003738317757,0.007216818324,0.005521375611,0.00491439442,0.01692729325,1
-0.003738317757,0.007216818324,0.005521375611,0.00491439442,0.01692729325,-0.003534136546,1
0.007216818324,0.005521375611,0.00491439442,0.01692729325,-0.003534136546,0.01433925371,0
0.005521375611,0.00491439442,0.01692729325,-0.003534136546,0.01433925371,-0.01808,1
0.00491439442,0.01692729325,-0.003534136546,0.01433925371,-0.01808,0.008227133409,1
0.01692729325,-0.003534136546,0.01433925371,-0.01808,0.008227133409,0.0008072328059,1
-0.003534136546,0.01433925371,-0.01808,0.008227133409,0.0008072328059,0.008466297623,1